Group,Code,Stem,Mesocotyl,Coleoptile,FPL,FPLCol,PR,ARCN,SR,BreakCol,RDSD
Maize,IH1,4.9,3.8,1.1,1.1,0,18.5,0,2,0,4.9
Teosinte,Teo1,19,7.4,9.3,11.6,2.3,6,0,0,1,9.4
Teosinte,Teo1,12.6,8.2,2.9,4.4,1.5,1,0,0,1,10.2
Teosinte,Teo1,12.2,9,3.2,3.2,0,4,0,0,0,12.2
Teosinte,Teo1,12.8,10.8,2,2,0,4,0,0,0,12.8
Teosinte,Teo1,13.7,11.3,2.4,2.4,0,2.5,0,0,0,13.7
Teosinte,Teo1,14.2,10,4.2,4.2,0,2,0,0,0,14.2
Teosinte,Teo1,14.3,9.7,4.6,4.6,0,3,0,0,0,14.3
Teosinte,Teo1,21.2,12.9,7.1,8.3,1.2,1.8,0,0,1,14.9
Teosinte,Teo1,23.6,13.5,5.8,10.1,4.3,4,0,0,1,15.5
Teosinte,Teo1,15.7,10.2,5.5,5.5,0,5,0,0,0,15.7
Teosinte,Teo1,18.7,13.9,4.6,4.8,0.2,8,0,0,1,15.9
Teosinte,Teo1,17.6,14,3.4,3.6,0.2,3.2,0,0,1,16
Teosinte,Teo1,30.7,14.2,6.4,16.5,10.1,5.5,0,0,1,16.2
Teosinte,Teo1,22.1,14.5,6.6,7.6,1,4,0,0,1,16.5
Teosinte,Teo1,17.1,12.2,4.9,4.9,0,1.6,0,0,0,17.1
Teosinte,Teo1,17.4,12.5,4.9,4.9,0,3,0,0,0,17.4
Teosinte,Teo1,25.6,16,6.9,9.6,2.7,4,0,0,1,18
Teosinte,Teo1,18.1,16.1,2,2,0,3.1,0,0,0,18.1
Teosinte,Teo1,32.7,16.2,5.3,16.5,11.2,3.2,0,0,1,18.2
Teosinte,Teo1,18.6,12.7,5.9,5.9,0,5,0,0,0,18.6
Teosinte,Teo1,23.3,16.8,4.5,6.5,2,3.5,0,0,1,18.8
Teosinte,Teo1,19,16.8,2.2,2.2,0,2,0,0,0,19
Teosinte,Teo1,27,18,6.4,9,2.6,4,0,0,1,20
Teosinte,Teo1,20.4,17.2,3.2,3.2,0,5.4,0,0,0,20.4
Teosinte,Teo1,32.3,19,6.8,13.3,6.5,7,0,0,1,21
Teosinte,Teo1,24.7,19.2,4.1,5.5,1.4,3.5,0,0,1,21.2
Teosinte,Teo1,25,19.5,4.6,5.5,0.9,3.8,0,0,1,21.5
Teosinte,Teo1,27.9,20,7.4,7.9,0.5,4.8,0,0,1,22
Teosinte,Teo1,31.4,20.2,4.6,11.2,6.6,3,0,0,1,22.2
Teosinte,Teo1,23.5,19.4,4.1,4.1,0,6.2,0,0,0,23.5
Teosinte,Teo1,33.6,21.5,7.2,12.1,4.9,5,0,0,1,23.5
Teosinte,Teo1,25.6,17,8.6,8.6,0,5.7,0,0,0,25.6
Teosinte,Teo1,31.2,24.2,6.1,7,0.9,5,0,0,1,26.2
Teosinte,Teo1,26.5,24,2.5,2.5,0,3.6,0,0,0,26.5
Teosinte,Teo1,27,23,4,4,0,4.3,0,0,0,27
Teosinte,Teo1,29.6,23.1,6.5,6.5,0,4.6,0,0,0,29.6
Teosinte,Teo1,31.5,21.5,10,10,0,4.7,0,0,0,31.5
Teosinte,Teo1,36,30,6,6,0,4.5,0,0,0,36
Teosinte,Teo1,37.9,25.9,12,12,0,4.1,0,0,0,37.9
Teosinte,Teo2,1.1,9.2,1.8,1.8,0,2.5,0,0,0,1.1
Teosinte,Teo2,4.5,3.8,0.7,0.7,0,2.3,0,0,0,4.5
Teosinte,Teo2,4.9,4.1,0.8,0.8,0,3.6,0,0,0,4.9
Teosinte,Teo2,6.1,5.3,1,1,0,7.3,0,0,0,6.1
Teosinte,Teo2,8.8,7.5,1.3,1.3,0,1.5,0,0,0,8.8
Teosinte,Teo2,9,7.3,1.4,1.4,0,1.6,0,0,0,9
Teosinte,Teo2,9.3,7.3,2,2,0,3.1,0,0,0,9.3
Teosinte,Teo2,9.8,8.5,1.1,1.1,0,3.7,0,0,0,9.8
Teosinte,Teo2,10,9.4,0.6,0.6,0,2.8,0,0,0,10
Teosinte,Teo2,10.1,9.4,0.7,0.7,0,1.6,0,0,0,10.1
Teosinte,Teo2,10.1,8.2,1.9,1.9,0,1.4,0,0,0,10.1
Teosinte,Teo2,10.1,7.9,2.2,2.2,0,4.2,0,0,0,10.1
Teosinte,Teo2,13.7,8.5,4.4,5.2,0.8,3.7,0,0,1,10.5
Teosinte,Teo2,21.5,8.5,5.4,13.5,8.1,1.2,0,1,1,10.5
Teosinte,Teo2,10.8,9.9,0.9,0.9,0,2.4,0,0,0,10.8
Teosinte,Teo2,11.4,8.7,2.8,1.7,0,3,0,0,0,11.4
Teosinte,Teo2,11.6,9.5,1.7,1.7,0,2.8,0,0,0,11.6
Teosinte,Teo2,11.9,10.7,1.2,1.2,0,2.5,0,0,0,11.9
Teosinte,Teo2,11.9,9.9,2,2,0,5.9,0,0,0,11.9
Teosinte,Teo2,12.2,5,7.5,7.5,0,1,0,0,0,12.2
Teosinte,Teo2,12.3,10.3,2,2,0,2,0,0,0,12.3
Teosinte,Teo2,12.5,10.3,2.3,2,0,2.5,0,0,0,12.5
Teosinte,Teo2,12.7,11.8,0.9,0.9,0,1.2,0,0,0,12.7
Teosinte,Teo2,23.9,11.2,6.2,12.8,6.6,2.4,0,0,1,13.2
Teosinte,Teo2,16,11.3,3.8,4.5,0.7,6.6,0,0,1,13.3
Teosinte,Teo2,13.5,11.6,1.7,1.7,0,2.3,0,0,0,13.5
Teosinte,Teo2,13.6,10.3,3.4,3.4,0,4.8,0,0,0,13.6
Teosinte,Teo2,14.8,12.9,2,1.6,0,1.3,0,0,0,14.8
Teosinte,Teo2,15.3,13.5,2.3,2.3,0,3.5,0,0,0,15.3
Teosinte,Teo2,32,13.6,12.3,18.4,6.1,2.6,0,0,1,15.6
Teosinte,Teo2,24.6,14.1,4.2,10.8,6.6,2,0,0,1,16.1
Teosinte,Teo2,16.2,14.3,1.9,1.9,0,2.1,0,0,0,16.2
Teosinte,Teo2,16.5,14.7,1.5,1.5,0,1.1,0,0,0,16.5
Teosinte,Teo2,16.5,13.8,2.7,2.7,0,2.1,0,0,0,16.5
Teosinte,Teo2,16.8,14.5,2.5,1.8,0,2.8,0,0,0,16.8
Teosinte,Teo2,17.2,12.1,5.2,5.2,0,2.3,0,0,0,17.2
Teosinte,Teo2,17.7,12.9,14.8,14.8,0,1.4,0,1,0,17.7
Teosinte,Teo2,18,13.3,5,5,0,3.4,0,0,0,18
Teosinte,Teo2,18.3,14.4,3.8,3.5,0,3.5,0,0,0,18.3
Teosinte,Teo2,18.4,13.6,4.9,4.9,0,2.1,0,0,0,18.4
Teosinte,Teo2,18.5,17.2,1.3,1.3,0,2.1,0,0,0,18.5
Teosinte,Teo2,18.6,16.3,2.4,2.4,0,4.2,0,0,0,18.6
Teosinte,Teo2,18.7,17.6,1.3,1.3,0,1.7,0,0,0,18.7
Teosinte,Teo2,18.8,16,2.8,1.5,0,2.8,0,0,0,18.8
Teosinte,Teo2,19.2,15,4.1,2.8,0,2.2,0,0,0,19.2
Teosinte,Teo2,37.2,17.3,17.2,19.8,2.6,0.3,0,0,1,19.3
Teosinte,Teo2,24.7,17.6,6,7.2,1.2,0.9,0,0,1,19.6
Teosinte,Teo2,27.8,17.8,7.5,9.3,1.8,1.5,0,0,1,19.8
Teosinte,Teo2,24.2,18.3,5.5,5.7,0.2,3.7,0,0,1,20.3
Teosinte,Teo2,20.4,16.2,4.2,4.2,0,2.4,0,0,0,20.4
Teosinte,Teo2,20.5,14.6,6.4,6.4,0,1.8,0,0,0,20.5
Teosinte,Teo2,40.8,18.6,8,21.8,13.8,3,0,0,1,20.6
Teosinte,Teo2,21.2,17,3.9,3,0,4.5,0,0,0,21.2
Teosinte,Teo2,21.2,12.2,8.8,8.8,0,2.7,0,0,0,21.2
Teosinte,Teo2,26.2,19.5,4.7,6.6,1.9,1.5,0,0,1,21.5
Teosinte,Teo2,35.6,20,7,15.4,8.4,2.4,0,0,1,22
Teosinte,Teo2,22.3,17,5.4,5.1,0,2.5,0,0,0,22.3
Teosinte,Teo2,29.5,21.7,4.8,7.4,2.6,1.8,0,0,1,23.7
Teosinte,Teo2,23.8,20.8,3,3,0,1.6,0,0,0,23.8
Teosinte,Teo2,33.5,22,5.2,11.6,6.4,2,0,0,1,24
Teosinte,Teo2,24.1,20.1,4,4,0,2,0,0,0,24.1
Teosinte,Teo2,24.2,15.4,6,6,0,2.2,0,0,0,24.2
Teosinte,Teo2,24.4,20,4.4,4.4,0,2.6,0,0,0,24.4
Teosinte,Teo2,25.5,19.8,6.2,6.2,0,3,0,0,0,25.5
Teosinte,Teo2,35,23.9,8.8,11.5,2.7,3.7,0,0,1,25.9
Teosinte,Teo2,27.9,22,5.8,4.3,0,1.8,0,0,0,27.9
Teosinte,Teo2,41.5,26.6,6.6,26.2,19.6,3.1,0,0,1,28.6
Teosinte,Teo2,31.9,23,9.5,9.5,0,2.6,0,0,0,31.9
Teosinte,Teo2,41,31.3,8.8,9.3,0.5,6.1,0,0,1,33.3
Teosinte,Teo2,36.5,26.7,8.9,8.9,0,3.4,0,0,0,36.5
Teosinte,Teo3,12.5,5.5,6.9,7,0.1,2.8,0,0,1,7.5
Teosinte,Teo3,10.6,7.4,3.2,3.2,0,1.5,0,0,0,10.6
Teosinte,Teo3,16.5,9.5,5.2,7,1.8,1.7,0,0,1,11.5
Teosinte,Teo3,19.8,10.6,2.7,9.2,6.5,3.7,0,0,1,12.6
Teosinte,Teo3,24.4,11.3,5.2,13.1,7.9,2.6,0,0,1,13.3
Teosinte,Teo3,13.5,9,4.5,4.5,0,5,0,0,0,13.5
Teosinte,Teo3,18.1,12.1,3.5,6,2.5,2.7,0,0,1,14.1
Teosinte,Teo3,18.3,12.3,3,6,3,3.5,0,0,1,14.3
Teosinte,Teo3,18.3,13.8,4.2,4.5,0.3,2.6,0,0,1,15.8
Teosinte,Teo3,25.1,13.9,3.6,11.2,7.6,1.9,0,0,1,15.9
Teosinte,Teo3,23.7,14.1,3.9,9.6,5.7,2.1,0,0,1,16.1
Teosinte,Teo3,25,15.1,4.7,9.9,5.2,2,0,0,1,17.1
Teosinte,Teo3,27.2,15.2,5.8,12,6.2,2.7,0,0,1,17.2
Teosinte,Teo3,28.4,15.6,5.3,12.8,7.5,3.2,0,0,1,17.6
Teosinte,Teo3,29.8,16.1,4.6,13.7,9.1,2.2,0,0,1,18.1
Teosinte,Teo3,28.6,16.5,3.8,12.1,8.3,3,0,0,1,18.5
Teosinte,Teo3,30.8,16.7,4,14.1,10.1,3,0,0,1,18.7
Teosinte,Teo3,31.2,16.7,4,14.5,10.5,5.5,0,0,1,18.7
Teosinte,Teo3,23,17.8,2.7,5.2,2.5,2.5,0,0,1,19.8
Teosinte,Teo3,31.2,17.8,4.7,13.4,8.7,2.1,0,0,1,19.8
Teosinte,Teo3,25.4,17.9,3.8,7.5,3.7,2.3,0,0,1,19.9
Teosinte,Teo3,30.1,18.4,4.8,11.7,6.9,2.5,0,0,1,20.4
Teosinte,Teo3,26.4,18.5,3.2,7.9,4.7,2.2,0,0,1,20.5
Teosinte,Teo3,28.7,18.7,3.4,10,6.6,2.5,0,0,1,20.7
Teosinte,Teo3,34.1,18.8,4.4,15.3,10.9,1.4,0,0,1,20.8
Teosinte,Teo3,28.9,19,3,9.9,6.9,2,0,0,1,21
Teosinte,Teo3,25.6,19.1,2.1,6.5,4.4,4,0,0,1,21.1
Teosinte,Teo3,26.6,19.5,2.7,7.1,4.4,3,0,0,1,21.5
Teosinte,Teo3,28,19.7,7.4,8.3,0.9,2.5,0,0,1,21.7
Teosinte,Teo3,34.1,20,5.7,14.1,8.4,2.5,0,0,1,22
Teosinte,Teo3,22.2,19.5,2.7,2.7,0,2.1,0,0,0,22.2
Teosinte,Teo3,30.8,20.2,6.5,10.6,4.1,2.7,0,0,1,22.2
Teosinte,Teo3,31.6,21.1,3.1,10.5,7.4,2.6,0,0,1,23.1
Teosinte,Teo3,29.8,21.4,5.3,8.4,3.1,2.3,0,0,1,23.4
Teosinte,Teo3,33.8,26.8,3,7,4,2.1,0,0,1,28.8
Teosinte,Teo4,4,3,1,1,0,2,0,0,0,4
Teosinte,Teo4,7,4,3,3,0,2,0,0,0,7
Teosinte,Teo4,9.3,7.3,2,2,0,3.5,0,0,0,9.3
Teosinte,Teo4,9.5,8.4,1.1,1.1,0,2.7,0,0,0,9.5
Teosinte,Teo4,13.5,7.5,4.9,6,1.1,3,0,0,1,9.5
Teosinte,Teo4,9.6,8.5,1.1,1.1,0,2.9,0,0,0,9.6
Teosinte,Teo4,10.4,8.9,1.5,1.5,0,3.7,0,0,0,10.4
Teosinte,Teo4,10.5,8.5,2,2,0,4.3,0,0,0,10.5
Teosinte,Teo4,10.6,6.6,4,4,0,1.5,0,0,0,10.6
Teosinte,Teo4,11.5,9,2.5,2.5,0,1.6,0,0,0,11.5
Teosinte,Teo4,12,10,2,2,0,4.2,0,0,0,12
Teosinte,Teo4,12,6,6,6,0,2,0,0,0,12
Teosinte,Teo4,12.6,9,3.6,3.6,0,2.5,0,0,0,12.6
Teosinte,Teo4,17,10.7,4.7,6.3,1.6,3.7,0,0,1,12.7
Teosinte,Teo4,13.7,11,2.7,2.7,0,4,0,0,0,13.7
Teosinte,Teo4,16.7,12,4.4,4.7,0.3,6,0,0,1,14
Teosinte,Teo4,14.1,11.3,2.8,2.8,0,4,0,0,0,14.1
Teosinte,Teo4,24,13,4.5,11,6.5,1.5,0,0,1,15
Teosinte,Teo4,15.4,10.2,5.2,5.2,0,2.5,0,0,0,15.4
Teosinte,Teo4,25.9,14,5.7,11.9,6.2,4,0,0,1,16
Teosinte,Teo4,19.4,14.4,4.3,5,0.7,1.5,0,0,1,16.4
Teosinte,Teo4,16.7,14,2.7,2.7,0,6.2,0,0,0,16.7
Teosinte,Teo4,16.9,12,4.9,4.9,0,2,0,0,0,16.9
Teosinte,Teo4,26.6,15,5,11.6,6.6,2,0,0,1,17
Teosinte,Teo4,17.2,12.7,4.5,4.5,0,1.8,0,0,0,17.2
Teosinte,Teo4,17.9,16,1.9,1.9,0,4.6,0,0,0,17.9
Teosinte,Teo4,18.2,14.6,3.6,3.6,0,2.8,0,0,0,18.2
Teosinte,Teo4,18.4,14,4.4,4.4,0,3.5,0,0,0,18.4
Teosinte,Teo4,19.1,13.6,5.5,5.5,0,2.4,0,0,0,19.1
Teosinte,Teo4,19.2,16.2,3,3,0,3.3,0,0,0,19.2
Teosinte,Teo4,22,17.5,3.7,4.5,0.8,1.9,0,0,1,19.5
Teosinte,Teo4,19.8,14,5.8,5.8,0,3,0,0,0,19.8
Teosinte,Teo4,25.8,18.8,6.6,7,0.4,3.4,0,0,1,20.8
Teosinte,Teo4,24.7,19.4,4.7,5.3,0.6,2.2,0,0,1,21.4
Teosinte,Teo4,21.8,14,7.8,7.8,0,4,0,0,0,21.8
Teosinte,Teo4,21.9,17.3,4.6,4.6,0,1.8,0,0,0,21.9
Teosinte,Teo4,22.1,17.2,4.9,4.9,0,2,0,0,0,22.1
Teosinte,Teo4,33.5,22.4,5.3,11.1,5.8,3.5,0,0,1,24.4
Teosinte,Teo5,5.5,4.7,0.8,0.8,0,2,0,0,0,5.5
Teosinte,Teo5,5.6,5,0.6,0.6,0,2,0,0,0,5.6
Teosinte,Teo5,6.3,4,2.3,2.3,0,7,0,0,0,6.3
Teosinte,Teo5,7,6.3,0.7,0.7,0,2.5,0,0,0,7
Teosinte,Teo5,9.4,7.8,1.6,1.6,0,3,0,0,0,9.4
Teosinte,Teo5,9.7,8.3,1.4,1.4,0,3,0,0,0,9.7
Teosinte,Teo5,10.6,8.5,2.1,2.1,0,2,0,0,0,10.6
Teosinte,Teo5,11.1,9.6,1.5,1.5,0,2.7,0,0,0,11.1
Teosinte,Teo5,12.3,11.2,1.1,1.1,0,3.4,0,0,0,12.3
Teosinte,Teo5,12.7,9.7,3,3,0,10.5,0,0,0,12.7
Teosinte,Teo5,13.9,12,1.9,1.9,0,2,0,0,0,13.9
Teosinte,Teo5,17.8,13,4.3,4.8,0.5,7,0,0,1,15
Teosinte,Teo5,15.3,10.3,5,5,0,3.7,0,0,0,15.3
Teosinte,Teo5,18.6,16.6,2,2,0,2,0,0,0,18.6
Teosinte,Teo5,19.1,17.1,2,2,0,3,0,0,0,19.1
Teosinte,Teo5,30.4,17.5,7.6,12.9,5.3,2.6,0,0,1,19.5
Teosinte,Teo5,19.7,17.5,2.2,2.2,0,2.5,0,0,0,19.7
Teosinte,Teo5,20.3,16,4.3,4.3,0,2,0,0,0,20.3
Teosinte,Teo5,20.8,18.7,2.1,2.1,0,2.6,0,0,0,20.8
Teosinte,Teo5,20.9,14.8,6.1,6.1,0,2.5,0,0,0,20.9
Teosinte,Teo5,30.7,20.6,6,10.1,4.1,1.5,0,0,1,22.6
Teosinte,Teo5,23,19,4,4,0,3.6,0,0,0,23
Teosinte,Teo5,23.5,20,3.5,3.5,0,2.2,0,0,0,23.5
Teosinte,Teo5,23.8,20.1,3.7,3.7,0,2.8,0,0,0,23.8
Teosinte,Teo5,34.2,23,6,11.2,5.2,2.3,0,0,1,25
Teosinte,Teo5,37.4,23.2,9,14.2,5.2,3.2,0,0,1,25.2
Teosinte,Teo5,30.7,24.1,5.3,6.6,1.3,3,0,0,1,26.1
Teosinte,Teo5,29.6,25,3.5,4.6,1.1,3.4,0,0,1,27
Teosinte,Teo5,35.5,25,8,10.5,2.5,3,0,0,1,27
Teosinte,Teo5,39.1,25.5,4.8,13.6,8.8,2.3,0,0,1,27.5
Teosinte,Teo5,28,23.7,4.3,4.3,0,2.5,0,0,0,28
Teosinte,Teo5,35.5,26.2,8,9.3,1.3,2.5,0,0,1,28.2
Teosinte,Teo5,39.1,30,7.2,9.1,1.9,2.5,0,0,1,32
Teosinte,Teo5,41.1,31,4.4,10.1,5.7,2,0,0,1,33
Teosinte,Teo5,38.5,29.7,8.8,8.8,0,2,0,0,0,38.5
Teosinte,Teo6,14.6,9.5,2.8,5.1,2.3,4.3,0,0,1,11.5
Teosinte,Teo6,18.8,12.7,4,6.1,2.1,3.7,0,0,1,14.7
Teosinte,Teo6,20.1,13.5,4.3,6.6,2.3,4.5,0,0,1,15.5
Teosinte,Teo6,29.7,14.7,6.9,15,8.1,1.3,0,0,1,16.7
Teosinte,Teo6,23.4,15,3.8,8.4,4.6,0.8,0,0,1,17
Teosinte,Teo6,27.4,15.3,4.1,12.1,8,2.5,0,0,1,17.3
Teosinte,Teo6,23.7,15.5,4.2,8.2,4,3.5,0,0,1,17.5
Teosinte,Teo6,29.3,17,4.9,12.3,7.4,3,0,0,1,19
Teosinte,Teo6,39,17,5.1,22,16.9,3,0,0,1,19
Teosinte,Teo6,22.3,17.1,2.8,5.2,2.4,2,0,0,1,19.1
Teosinte,Teo6,19.2,14.8,4.4,4.4,0,2,0,0,0,19.2
Teosinte,Teo6,31.2,17.8,3.8,13.4,9.6,5.5,0,0,1,19.8
Teosinte,Teo6,26.7,18,3.6,8.7,5.1,4.5,0,0,1,20
Teosinte,Teo6,28.9,18,3.7,10.9,7.2,2.7,0,0,1,20
Teosinte,Teo6,32.1,18.2,6,13.9,7.9,2.6,0,0,1,20.2
Teosinte,Teo6,20.5,16.8,3.7,3.7,0,3.8,0,0,0,20.5
Teosinte,Teo6,20.5,15,5.5,5.5,0,4,0,0,0,20.5
Teosinte,Teo6,23.3,18.7,3.2,4.6,1.4,4.2,0,0,1,20.7
Teosinte,Teo6,35.7,18.7,6.7,17,10.3,3.5,0,0,1,20.7
Teosinte,Teo6,32.9,19,5.7,13.9,8.2,2.8,0,0,1,21
Teosinte,Teo6,31.3,19.5,3.3,11.8,8.5,4.3,0,0,1,21.5
Teosinte,Teo6,21.7,16.8,4.9,4.9,0,3.9,0,0,0,21.7
Teosinte,Teo6,30,19.7,2.7,10.3,7.6,1.7,0,0,1,21.7
Teosinte,Teo6,26.2,20.7,3.4,5.5,2.1,3.7,0,0,1,22.7
Teosinte,Teo6,23.1,19.7,3.4,3.4,0,3.2,0,0,0,23.1
Teosinte,Teo6,27.5,21.1,3.5,6.4,2.9,3.9,0,0,1,23.1
Teosinte,Teo6,34,21.2,3,12.8,9.8,4.3,0,0,1,23.2
Teosinte,Teo6,23.5,19.9,3.6,3.6,0,4.3,0,0,0,23.5
Teosinte,Teo6,32.5,22,4.7,10.5,5.8,3.4,0,0,1,24
Teosinte,Teo6,33.3,22,3.1,11.3,8.2,2.6,0,0,1,24
Teosinte,Teo6,36.3,22,3.4,14.3,10.9,5.5,0,0,1,24
Teosinte,Teo6,31.3,23.1,4,8.2,4.2,3.7,0,0,1,25.1
Teosinte,Teo6,29.4,23.4,4.5,6,1.5,3.1,0,0,1,25.4
Teosinte,Teo6,32.8,23.6,3.9,9.2,5.3,1,0,0,1,25.6
Teosinte,Teo6,31.1,24.5,5.8,6.6,0.8,4,0,0,1,26.5
Teosinte,Teo6,35,25,3.1,10,6.9,2.8,0,0,1,27
Teosinte,Teo6,33.5,25.5,4.2,8,3.8,4,0,0,1,27.5
Teosinte,Teo6,33.6,26,5.5,7.6,2.1,2.6,0,0,1,28
Teosinte,Teo6,40.1,27.5,4.4,12.6,8.2,2.7,0,0,1,29.5
Teosinte,Teo6,36.4,27.9,3.6,8.5,4.9,2.7,0,0,1,29.9
Teosinte,Teo6,34,28.5,5.2,5.5,0.3,3.2,0,0,1,30.5
Teosinte,Teo6,39.6,32,3.6,7.6,4,3.6,0,0,1,34
Teosinte,Teo7,4.4,3.2,1.2,1.2,0,5.2,0,0,0,4.4
Teosinte,Teo7,5.1,4.4,0.6,0.7,0.1,2.2,0,0,1,5.8
Teosinte,Teo7,5.8,4.3,1.5,1.5,0,4,0,0,0,5.8
Teosinte,Teo7,6.6,4.5,2.1,2.1,0,7,0,0,0,6.6
Teosinte,Teo7,7.7,4.8,2.9,2.9,0,3.5,0,0,0,7.7
Teosinte,Teo7,11.1,7.5,3,3.6,0.6,2.8,0,0,1,9.5
Teosinte,Teo7,11.2,7.5,2.7,3.7,1,3,0,0,1,9.5
Teosinte,Teo7,9.7,8.9,0.8,0.8,0,2,0,0,0,9.7
Teosinte,Teo7,9.7,7.8,1.9,1.9,0,5,0,0,0,9.7
Teosinte,Teo7,10,7.2,2.8,2.8,0,3.5,0,0,0,10
Teosinte,Teo7,10.1,8.6,1.5,1.5,0,4.3,0,0,0,10.1
Teosinte,Teo7,12.4,8.3,3.1,4.1,1,2.5,0,0,1,10.3
Teosinte,Teo7,10.4,8.6,1.8,1.8,0,1.5,0,0,0,10.4
Teosinte,Teo7,11.5,10.4,1.1,1.1,0,2.8,0,0,0,11.5
Teosinte,Teo7,12.4,8.7,3.7,3.7,0,2,0,0,0,12.4
Teosinte,Teo7,12.7,10,2.7,2.7,0,1.5,0,0,0,12.7
Teosinte,Teo7,14,12.9,1.1,1.1,0,2.6,0,0,0,14
Teosinte,Teo7,17.2,12.8,4,4.4,0.4,5,0,0,1,14.8
Teosinte,Teo7,15.5,14,1.5,1.5,0,3.7,0,0,0,15.5
Teosinte,Teo7,15.6,11.5,4.1,4.1,0,3.5,0,0,0,15.6
Teosinte,Teo7,18,14.5,3.5,3.5,0,3.5,0,0,0,18
Teosinte,Teo7,18.2,15.2,3,3,0,2.3,0,0,0,18.2
Teosinte,Teo7,20,14.5,5.5,5.5,0,4.5,0,0,0,20
Teosinte,Teo7,21.5,15.5,6,6,0,3.5,0,0,0,21.5
Teosinte,Teo7,29.3,19.7,8.7,9.6,0.9,5,0,0,1,21.7
Teosinte,Teo7,26.4,21.8,4.5,4.6,0.1,2.9,0,0,1,23.8
Teosinte,Teo7,27.7,23.3,4.4,4.4,0,2.4,0,0,0,27.7
Teosinte,Teo7,35.4,27,7.4,8.4,1,4,0,0,1,29
Teosinte,Teo7,38.4,29,5.9,9.4,3.5,3.5,0,0,1,31
Teosinte,Teo8,12.3,10.8,1.5,1.5,0,2.6,0,0,0,12.3
Teosinte,Teo8,13.8,12.7,1.1,1.1,0,3.4,0,0,0,13.8
Teosinte,Teo8,15.4,13.7,1.7,1.7,0,3.3,0,0,0,15.4
Teosinte,Teo8,15.5,12.2,3.3,3.3,0,3.7,0,0,0,15.5
Teosinte,Teo8,17.6,14.5,2.5,3.1,0.6,1.8,0,0,1,16.5
Teosinte,Teo8,28.4,16.4,7,12,5,3,0,0,1,18.4
Teosinte,Teo8,19.3,13.4,5.9,5.9,0,3.6,0,0,0,19.3
Teosinte,Teo8,19.8,17.1,2.7,2.7,0,3.9,0,0,0,19.8
Teosinte,Teo8,31.8,18,6.9,13.8,6.9,3.1,0,0,1,20
Teosinte,Teo8,20.5,16,4.5,4.5,0,3.3,0,0,0,20.5
Teosinte,Teo8,33.2,20.2,8.1,13,4.9,4.5,0,0,1,22.2
Teosinte,Teo8,23.2,20.3,2.6,2.9,0.3,1.2,0,0,1,22.3
Teosinte,Teo8,29.7,20.7,3,9,6,2,0,0,1,22.7
Teosinte,Teo8,22.8,16.6,6.2,6.2,0,3.1,0,0,0,22.8
Teosinte,Teo8,23.3,19.3,4,4,0,3.1,0,0,0,23.3
Teosinte,Teo8,23.4,20.3,3.1,3.1,0,3.2,0,0,0,23.4
Teosinte,Teo8,24.1,21.1,3,3,0,3,0,0,0,24.1
Teosinte,Teo8,24.8,17.8,7,7,0,3.5,0,0,0,24.8
Teosinte,Teo8,25.4,21.9,3.5,3.5,0,3.4,0,0,0,25.4
Teosinte,Teo8,25.4,20.8,4.6,4.6,0,2.7,0,0,0,25.4
Teosinte,Teo8,32.2,23.5,5.3,8.7,3.4,3.6,0,0,1,25.5
Teosinte,Teo8,25.8,20.5,5.3,5.3,0,1.5,0,0,0,25.8
Teosinte,Teo8,26.2,19.8,6.4,6.4,0,4,0,0,0,26.2
Teosinte,Teo8,26.3,18,8.3,8.3,0,3.5,0,0,0,26.3
Teosinte,Teo8,27.5,20.5,7,7,0,2.5,0,0,0,27.5
Teosinte,Teo8,27.8,23.2,4.6,4.6,0,1.8,0,0,0,27.8
Teosinte,Teo8,28.1,21.8,6.3,6.3,0,1.3,0,0,0,28.1
Teosinte,Teo8,28.4,22.7,5.7,5.7,0,3.4,0,0,0,28.4
Teosinte,Teo8,29,25,4,4,0,3.6,0,0,0,29
Teosinte,Teo8,29,24.9,4.1,4.1,0,2.9,0,0,0,29
Teosinte,Teo8,29,24,5,5,0,2,0,0,0,29
Teosinte,Teo8,29.7,23.5,6.2,6.2,0,3.4,0,0,0,29.7
Teosinte,Teo8,36.1,28.2,6.1,7.9,1.8,2.5,0,0,1,30.2
Teosinte,Teo8,30.3,24.1,6.2,6.2,0,3.7,0,0,0,30.3
Teosinte,Teo8,30.7,26.7,4,4,0,3.6,0,0,0,30.7
Teosinte,Teo8,36.6,29,7.6,7.6,0,3.7,0,0,0,36.6
Teosinte,Teo9,22.8,11,9,11.8,2.8,2.5,0,0,1,13
Teosinte,Teo9,15.7,12,3.2,3.7,0.5,3.5,0,0,1,14
Teosinte,Teo9,20.9,12.7,3,8.2,5.2,2.5,0,0,1,14.7
Teosinte,Teo9,15.2,12,3.2,3.2,0,1.5,0,0,0,15.2
Teosinte,Teo9,15.7,12,3.7,3.7,0,2,0,0,0,15.7
Teosinte,Teo9,18.3,13.8,3.8,4.5,0.7,3.7,0,0,1,15.8
Teosinte,Teo9,28.1,15,3.6,13.1,9.5,2.7,0,0,1,17
Teosinte,Teo9,19.8,15.2,3.6,4.6,1,2,0,0,1,17.2
Teosinte,Teo9,32.4,16,9,16.4,7.4,2.5,0,0,1,18
Teosinte,Teo9,22.6,16.2,5.6,6.4,0.8,3,0,0,1,18.2
Teosinte,Teo9,26.2,17,6.9,9.2,2.3,2.5,0,0,1,19
Teosinte,Teo9,24.2,17.2,6,7,1,2.5,0,0,1,19.2
Teosinte,Teo9,23.4,17.3,4,6.1,2.1,1.5,0,0,1,19.3
Teosinte,Teo9,31.7,17.3,4.1,14.4,10.3,2.7,0,0,1,19.3
Teosinte,Teo9,28.8,20.8,5,8,3,2.4,0,0,1,22.8
Teosinte,Teo9,23.2,16.7,6.5,6.5,0,3,0,0,0,23.2
Teosinte,Teo9,32.5,21.5,6,11,5,2,0,0,1,23.5
Teosinte,Teo9,29.8,22.1,6.3,7.7,1.4,2.9,0,0,1,24.1
Teosinte,Teo9,24.6,20.4,4.2,4.2,0,3.4,0,0,0,24.6
Teosinte,Teo9,25.4,20.5,4.9,4.9,0,2,0,0,0,25.4
Teosinte,Teo9,25.6,21.8,3.8,3.8,0,2.5,0,0,0,25.6
Teosinte,Teo9,26.1,20.6,5.5,5.5,0,3,0,0,0,26.1
Teosinte,Teo9,26.4,19.1,7.3,7.3,0,2.7,0,0,0,26.4
Teosinte,Teo9,37.6,24.5,6.8,13.1,6.3,2.7,0,0,1,26.5
Teosinte,Teo9,26.6,21.2,5.4,5.4,0,2.3,0,0,0,26.6
Teosinte,Teo9,27.2,22,5.2,5.2,0,2.3,0,0,0,27.2
Teosinte,Teo9,27.7,23.2,4.5,4.5,0,2.8,0,0,0,27.7
Teosinte,Teo9,27.7,21,6.7,6.7,0,3,0,0,0,27.7
Teosinte,Teo9,32.6,25.7,5.5,6.9,1.4,2,0,0,1,27.7
Teosinte,Teo9,29.7,21.1,8.6,8.6,0,2,0,0,0,29.7
Teosinte,Teo9,30.9,26.2,4.7,4.7,0,2.2,0,0,0,30.9
Teosinte,Teo9,32,26,6,6,0,2.6,0,0,0,32
Teosinte,Teo9,32,24,8,8,0,2.9,0,0,0,32
Teosinte,Teo9,32.1,24.2,7.9,7.9,0,3.3,0,0,0,32.1
Teosinte,Teo10,14.2,11.7,2.5,2.5,0,2,0,0,0,14.2
Teosinte,Teo10,15.2,13.7,1.5,1.5,0,2.3,0,0,0,15.2
Teosinte,Teo10,18.6,14.6,2.1,4,1.9,1,0,0,1,16.6
Teosinte,Teo10,20.6,15.1,3.5,5.5,2,2.5,0,0,1,17.1
Teosinte,Teo10,19.2,16,2.1,3.2,1.1,3,0,0,1,18
Teosinte,Teo10,22.3,16,4.2,6.3,2.1,2.5,0,0,1,18
Teosinte,Teo10,21.8,16.2,3,5.6,2.6,2.5,0,0,1,18.2
Teosinte,Teo10,32.8,16.2,5.3,16.6,11.3,3.3,0,0,1,18.2
Teosinte,Teo10,23.5,17.3,3,6.2,3.2,1.6,0,0,1,19.3
Teosinte,Teo10,21.6,17.6,3.4,4,0.6,2.7,0,0,1,19.6
Teosinte,Teo10,36.7,18,5.6,18.7,13.1,2.7,0,0,1,20
Teosinte,Teo10,22.3,18.4,3.1,3.9,0.8,2.4,0,0,1,20.4
Teosinte,Teo10,20.6,18.6,2,2,0,2.4,0,0,0,20.6
Teosinte,Teo10,26.1,19,3.4,7.1,3.7,1,0,0,1,21
Teosinte,Teo10,35.6,19,6,16.6,10.6,3.2,0,0,1,21
Teosinte,Teo10,27.7,19.2,4.5,8.5,4,2.1,0,0,1,21.2
Teosinte,Teo10,33.4,19.2,4.6,14.2,9.6,4,0,0,1,21.2
Teosinte,Teo10,33.9,19.2,5.1,14.7,9.6,4.3,0,0,1,21.2
Teosinte,Teo10,33.6,19.5,3.4,14.1,10.7,4,0,0,1,21.5
Teosinte,Teo10,32.2,19.7,5.5,12.5,7,3,0,0,1,21.7
Teosinte,Teo10,30,19.9,4.2,10.1,5.9,3.2,0,0,1,21.9
Teosinte,Teo10,22.3,18.5,3.8,3.8,0,1.9,0,0,0,22.3
Teosinte,Teo10,25.8,21.6,2.1,4.2,2.1,2.6,0,0,1,23.6
Teosinte,Teo10,33.8,21.8,5.8,12,6.2,4.5,0,0,1,23.8
Teosinte,Teo10,31.5,22,4,9.5,5.5,3.6,0,0,1,24
Teosinte,Teo10,29,22.5,2.7,6.5,3.8,3,0,0,1,24.5
Teosinte,Teo10,24.7,21,3.7,3.7,0,3,0,0,0,24.7
Teosinte,Teo10,33.1,22.8,5.8,10.3,4.5,1.5,0,0,1,24.8
Teosinte,Teo10,31.5,23,3,8.5,5.5,2.6,0,0,1,25
Teosinte,Teo10,29.2,23.5,4,5.7,1.7,3.2,0,0,1,25.5
Teosinte,Teo10,30.6,23.5,5.1,7.1,2,3.1,0,0,1,25.5
Teosinte,Teo10,36.8,23.5,6.1,13.3,7.2,3.2,0,0,1,25.5
Teosinte,Teo10,26.3,22,4.3,4.3,0,4,0,0,0,26.3
Teosinte,Teo10,31.3,24.7,3.1,6.6,3.5,2.1,0,0,1,26.7
Teosinte,Teo10,36,25.3,3.4,10.7,7.3,3,0,0,1,27.3
Teosinte,Teo10,27.8,24,3.8,3.8,0,3.4,0,0,0,27.8
Teosinte,Teo10,28.3,24.1,4.2,4.2,0,0.7,0,0,0,28.3
Teosinte,Teo10,28.4,24.7,3.7,3.7,0,1.5,0,0,0,28.4
Teosinte,Teo10,28.5,23.2,5.3,5.3,0,1,0,0,0,28.5
Teosinte,Teo10,39.6,27,3.2,12.6,9.4,2.5,0,0,1,29
Teosinte,Teo10,38.4,27.4,2.6,11,8.4,0.5,0,0,1,29.4
Teosinte,Teo10,33,28,3.7,5,1.3,2.5,0,0,1,30
Teosinte,Teo10,33.2,28.7,4.1,4.5,0.4,2.7,0,0,1,30.7
Teosinte,Teo11,10.8,8,1.1,2.8,1.7,1.5,0,0,1,10
Teosinte,Teo11,13.4,11.4,2,2,0,0.5,0,0,0,13.4
Teosinte,Teo11,20.5,11.5,5.5,9,3.5,2,0,0,1,13.5
Teosinte,Teo11,15.8,12.4,3.4,3.4,0,1,0,0,0,15.8
Teosinte,Teo11,27.3,15.3,6,12,6,1.7,0,0,1,17.3
Teosinte,Teo11,24.9,15.7,5,9.2,4.2,2.6,0,0,1,17.7
Teosinte,Teo11,25.3,15.9,4.2,9.4,5.2,3.1,0,0,1,17.9
Teosinte,Teo11,18.3,13.8,4.5,4.5,0,2.4,0,0,0,18.3
Teosinte,Teo11,18.5,15,3.5,3.5,0,0.5,0,0,0,18.5
Teosinte,Teo11,22.5,16.5,5.7,6,0.3,1.4,0,0,1,18.5
Teosinte,Teo11,24.5,16.5,3.8,8,4.2,1.1,0,0,1,18.5
Teosinte,Teo11,23.2,16.8,3.9,6.4,2.5,0.6,0,0,1,18.8
Teosinte,Teo11,28.6,16.8,5.5,11.8,6.3,0.7,0,0,1,18.8
Teosinte,Teo11,18.9,16.8,2.1,2.1,0,0.7,0,0,0,18.9
Teosinte,Teo11,20.5,17,3.1,3.5,0.4,0.8,0,0,1,19
Teosinte,Teo11,22.2,17,3.2,5.2,2,1.2,0,0,1,19
Teosinte,Teo11,32.2,17,4.3,15.2,10.9,1.4,0,0,1,19
Teosinte,Teo11,22.4,17.8,3.2,4.6,1.4,1,0,0,1,19.8
Teosinte,Teo11,20.2,16.6,3.6,3.6,0,0.5,0,0,0,20.2
Teosinte,Teo11,24.3,18.2,4.8,6.1,1.3,1.4,0,0,1,20.2
Teosinte,Teo11,30.2,18.5,4.7,11.7,7,1.3,0,0,1,20.5
Teosinte,Teo11,22.9,18.7,3.8,4.2,0.4,0.6,0,0,1,20.7
Teosinte,Teo11,28,19,5.2,9,3.8,0.8,0,0,1,21
Teosinte,Teo11,21.3,18.1,3.2,3.2,0,0.5,0,0,0,21.3
Teosinte,Teo11,21.4,18.6,2.8,2.8,0,0.6,0,0,0,21.4
Teosinte,Teo11,26.3,19.5,4.4,6.8,2.4,0.5,0,0,1,21.5
Teosinte,Teo11,31.5,19.7,3,11.8,8.8,0.7,0,0,1,21.7
Teosinte,Teo11,22.3,16.8,5.5,5.5,0,0.8,0,0,0,22.3
Teosinte,Teo11,22.6,18.3,4.3,4.3,0,2,0,0,0,22.6
Teosinte,Teo11,28.6,20.6,4.7,8,3.3,0.5,0,0,1,22.6
Teosinte,Teo11,28.1,20.7,3.6,7.4,3.8,0.7,0,0,1,22.7
Teosinte,Teo11,31.7,20.8,4.5,10.9,6.4,0.8,0,0,1,22.8
Teosinte,Teo11,23.1,20.1,3,3,0,1.5,0,0,0,23.1
Teosinte,Teo11,28.1,21.3,3.1,6.8,3.7,1.6,0,0,1,23.3
Teosinte,Teo11,23.7,20.3,3.4,3.4,0,1,0,0,0,23.7
Teosinte,Teo11,24.1,21.8,2.3,2.3,0,0.5,0,0,0,24.1
Teosinte,Teo11,27.4,24,3.1,3.4,0.3,1,0,0,1,26
Teosinte,Teo12,13.2,8.6,2.3,4.6,2.3,0.7,0,0,1,10.6
Teosinte,Teo12,30,10.9,6.3,19.1,12.8,1.5,0,0,1,12.9
Teosinte,Teo12,17.7,11.3,5.1,6.4,1.3,3.8,0,0,1,13.3
Teosinte,Teo12,28.5,12,5.3,16.5,11.2,2.6,0,0,1,14
Teosinte,Teo12,22.7,12.6,5.6,10.1,4.5,1.8,0,0,1,14.6
Teosinte,Teo12,19.7,13.3,6.2,6.4,0.2,2.8,0,0,1,15.3
Teosinte,Teo12,17,13.7,3.2,3.3,0.1,1.2,0,0,1,15.7
Teosinte,Teo12,18.4,14.1,3.3,4.3,1,1.7,0,0,1,16.1
Teosinte,Teo12,16.4,14.1,2.3,2.3,0,0.9,0,0,0,16.4
Teosinte,Teo12,29.9,14.7,4.8,15.2,10.4,1.4,0,0,1,16.7
Teosinte,Teo12,24.8,15,5.4,9.8,4.4,2.8,0,0,1,17
Teosinte,Teo12,20,15.1,3.7,4.9,1.2,2.5,0,0,1,17.1
Teosinte,Teo12,21.5,15.2,4.1,6.3,2.2,1.6,0,0,1,17.2
Teosinte,Teo12,27.7,15.2,4.7,12.5,7.8,0.5,0,0,1,17.2
Teosinte,Teo12,24,15.9,8,8.1,0.1,4,0,0,1,17.9
Teosinte,Teo12,23.1,16,5.5,7.1,1.6,1.4,0,0,1,18
Teosinte,Teo12,25.6,16.2,5.6,9.4,3.8,1,0,0,1,18.2
Teosinte,Teo12,31.7,16.2,5.6,15.5,9.9,2.5,0,0,1,18.2
Teosinte,Teo12,28.5,16.3,6.5,12.2,5.7,1.3,0,0,1,18.3
Teosinte,Teo12,18.5,12,6.5,6.5,0,3.5,0,0,0,18.5
Teosinte,Teo12,26,16.5,4.5,9.5,5,1.8,0,0,1,18.5
Teosinte,Teo12,21.6,16.6,4.6,5,0.4,1.6,0,0,1,18.6
Teosinte,Teo12,28.7,16.6,5,12.1,7.1,2,0,0,1,18.6
Teosinte,Teo12,19,12.5,6.5,6.5,0,2,0,0,0,19
Teosinte,Teo12,31.2,17,6,14.2,8.2,1.8,0,0,1,19
Teosinte,Teo12,23.3,17.1,4.1,6.2,2.1,2,0,0,1,19.1
Teosinte,Teo12,26.6,17.2,5.3,9.4,4.1,2.1,0,0,1,19.2
Teosinte,Teo12,25.1,17.4,4.5,7.7,3.2,2.5,0,0,1,19.4
Teosinte,Teo12,30.1,17.7,8.4,12.4,4,2,0,0,1,19.7
Teosinte,Teo12,32.3,17.9,4.3,14.4,10.1,2.4,0,0,1,19.9
Teosinte,Teo12,20.5,18,2.2,2.5,0.3,2.4,0,0,1,20
Teosinte,Teo12,35.3,18.1,5.6,17.2,11.6,2.3,0,0,1,20.1
Teosinte,Teo12,27.5,18.2,7.2,9.3,2.1,1.6,0,0,1,20.2
Teosinte,Teo12,24.1,19,4.5,5.1,0.6,1.4,0,0,1,21
Teosinte,Teo12,26,19.2,4,6.8,2.8,1.3,0,0,1,21.2
Teosinte,Teo12,25.7,19.6,3.6,6.1,2.5,1.2,0,0,1,21.6
Teosinte,Teo12,23,19.6,3.4,3.4,0,1,0,0,0,23
Teosinte,Teo12,32,21.5,5.4,10.5,5.1,1.2,0,0,1,23.5
Teosinte,Teo12,34.9,22,5.7,12.9,7.2,1,0,0,1,24
Teosinte,Teo13,12.1,8.9,3.2,3.2,0,1.7,0,0,0,12.1
Teosinte,Teo13,14.1,12,2.1,2.1,0,1.6,0,0,0,14.1
Teosinte,Teo13,18.4,12.4,3.3,6,2.7,0.7,0,0,1,14.4
Teosinte,Teo13,15.6,12.6,2.5,3,0.5,1.6,0,0,1,14.6
Teosinte,Teo13,14.8,13,1.8,1.8,0,0.5,0,0,0,14.8
Teosinte,Teo13,15.4,12.8,1.2,2.6,1.4,1,0,0,1,14.8
Teosinte,Teo13,19.9,14.1,3,5.8,2.8,1.9,0,0,1,16.1
Teosinte,Teo13,19.1,14.7,2.4,4.4,2,1.5,0,0,1,16.7
Teosinte,Teo13,16.8,14.8,2,2,0,1.5,0,0,0,16.8
Teosinte,Teo13,27.7,14.8,3.9,12.9,9,3.5,0,0,1,16.8
Teosinte,Teo13,28.2,15,4.8,13.2,8.4,2.2,0,0,1,17
Teosinte,Teo13,27.9,15.4,3.8,12.5,8.7,2.4,0,0,1,17.4
Teosinte,Teo13,22.3,15.7,2.5,6.6,4.1,1,0,0,1,17.7
Teosinte,Teo13,22.6,16.1,3.7,6.5,2.8,1.5,0,0,1,18.1
Teosinte,Teo13,18.4,16.5,1.9,1.9,0,1,0,0,0,18.4
Teosinte,Teo13,18.5,15.9,2.6,2.6,0,0.5,0,0,0,18.5
Teosinte,Teo13,24.3,16.7,3,7.6,4.6,1.8,0,0,1,18.7
Teosinte,Teo13,23.7,17.5,3.1,6.2,3.1,2.5,0,0,1,19.5
Teosinte,Teo13,24,17.6,3,6.4,3.4,0.7,0,0,1,19.6
Teosinte,Teo13,27.9,17.8,3.2,10.1,6.9,2.5,0,0,1,19.8
Teosinte,Teo13,19.9,17.7,2.2,2.2,0,1.5,0,0,0,19.9
Teosinte,Teo13,27.5,18,4,9.5,5.5,4.8,0,0,1,20
Teosinte,Teo13,28.4,18,5,10.4,5.4,2.6,0,0,1,20
Teosinte,Teo13,25,18.4,3.4,6.6,3.2,1.5,0,0,1,20.4
Teosinte,Teo13,27.8,18.5,4.3,9.3,5,1.5,0,0,1,20.5
Teosinte,Teo13,31.8,18.5,4.6,13.3,8.7,2.5,0,0,1,20.5
Teosinte,Teo13,23.4,18.9,3.5,4.5,1,1.8,0,0,1,20.9
Teosinte,Teo13,26.4,18.9,3.2,7.5,4.3,2.7,0,0,1,20.9
Teosinte,Teo13,27.6,19.2,3.1,8.4,5.3,0.5,0,0,1,21.2
Teosinte,Teo13,24.7,19.4,5,5.3,0.3,2.1,0,0,1,21.4
Teosinte,Teo13,28,19.7,3.2,8.3,5.1,2.7,0,0,1,21.7
Teosinte,Teo13,27.5,20.2,4,7.3,3.3,2.5,0,0,1,22.2
Teosinte,Teo13,26.6,20.5,3.7,6.1,2.4,2,0,0,1,22.5
Teosinte,Teo13,23,19.5,3.5,3.5,0,2,0,0,0,23
Teosinte,Teo13,26,21,3.5,5,1.5,2.3,0,0,1,23
Teosinte,Teo13,31.6,21.1,3.6,10.5,6.9,2,0,0,1,23.1
Teosinte,Teo13,28,21.2,3.6,6.8,3.2,2.7,0,0,1,23.2
Teosinte,Teo13,29.9,22,4,7.9,3.9,2.6,0,0,1,24
Teosinte,Teo13,30.3,23.5,4.2,6.8,2.6,1.5,0,0,1,25.5
Teosinte,Teo13,34.2,25.5,4.1,8.7,4.6,2.1,0,0,1,27.5
Teosinte,Teo14,8.1,6.6,1.5,1.5,0,3,0,0,0,8.1
Teosinte,Teo14,19.5,6.7,2.7,12.8,10.1,3.6,0,0,1,8.7
Teosinte,Teo14,8.9,6.8,2.1,2.1,0,1.8,0,0,0,8.9
Teosinte,Teo14,9.1,7.1,2,2,0,2.4,0,0,0,9.1
Teosinte,Teo14,12,7.3,2.1,4.7,2.6,2,0,0,1,9.3
Teosinte,Teo14,12.4,7.8,4,4.6,0.6,1.7,0,0,1,9.8
Teosinte,Teo14,15.5,7.8,3.2,7.7,4.5,2.1,0,0,1,9.8
Teosinte,Teo14,15.6,9.7,4.2,5.9,1.7,4.5,0,0,1,11.7
Teosinte,Teo14,19.8,10,4.5,9.8,5.3,1.8,0,0,1,12
Teosinte,Teo14,21.5,10,3.8,11.5,7.7,1.5,0,0,1,12
Teosinte,Teo14,17.5,10.2,3.9,7.3,3.4,1.5,0,0,1,12.2
Teosinte,Teo14,22.8,10.3,5.1,12.5,7.4,2.3,0,0,1,12.3
Teosinte,Teo14,22,10.5,4,11.5,7.5,0.6,0,0,1,12.5
Teosinte,Teo14,16.5,10.6,3.1,5.9,2.8,2.7,0,0,1,12.6
Teosinte,Teo14,17.2,10.7,4,6.5,2.5,2.2,0,0,1,12.7
Teosinte,Teo14,21.5,11,2.5,10.5,8,2.8,0,0,1,13
Teosinte,Teo14,25.1,11.4,4.5,13.7,9.2,2.5,0,0,1,13.4
Teosinte,Teo14,18.7,12.1,3.7,6.6,2.9,2,0,0,1,14.1
Teosinte,Teo14,14.4,12.3,2.1,2.1,0,2.3,0,0,0,14.4
Teosinte,Teo14,23.8,12.5,3.4,11.3,7.9,3,0,0,1,14.5
Teosinte,Teo14,24.8,12.5,3.8,12.3,8.5,2.7,0,0,1,14.5
Teosinte,Teo14,26.4,12.5,4.1,13.9,9.8,3.3,0,0,1,14.5
Teosinte,Teo14,25.1,13.3,5,11.8,6.8,2,0,0,1,15.3
Teosinte,Teo14,23.2,13.5,3.5,9.7,6.2,0.8,0,0,1,15.5
Teosinte,Teo14,22.8,13.7,3.8,9.1,5.3,0.8,0,0,1,15.7
Teosinte,Teo14,28.4,13.7,4.7,14.7,10,1.8,0,0,1,15.7
Teosinte,Teo14,24.1,14.1,4,10,6,2.5,0,0,1,16.1
Teosinte,Teo14,16.3,13.6,2.7,2.7,0,2.7,0,0,0,16.3
Teosinte,Teo14,24.1,14.5,3.4,9.6,6.2,3.3,0,0,1,16.5
Teosinte,Teo14,28.2,14.5,4.9,13.7,8.8,4.3,0,0,1,16.5
Teosinte,Teo14,22.7,15,4.6,7.7,3.1,2.1,0,0,1,17
Teosinte,Teo14,22.7,15,4.3,7.7,3.4,2.5,0,0,1,17
Teosinte,Teo14,23.1,15,2.5,8.1,5.6,1.4,0,0,1,17
Teosinte,Teo14,24.6,15.2,4.3,9.4,5.1,3.4,0,0,1,17.2
Teosinte,Teo14,18.7,15.2,3.5,3.5,0,4,0,0,0,18.7
Teosinte,Teo14,23.3,16.7,3.6,6.6,3,3,0,0,1,18.7
Teosinte,Teo14,27.1,17.5,4,9.6,5.6,2.3,0,0,1,19.5
Teosinte,Teo14,22.9,17.9,4.7,5,0.3,0.8,0,0,1,19.9
Teosinte,Teo14,21.7,18.5,3,3.2,0.2,2.3,0,0,1,20.5
Teosinte,Teo15,26,8.2,7,17.8,10.8,1,0,0,1,10.2
Teosinte,Teo15,9.3,7.8,1.2,1.5,0.3,3.5,0,0,1,10.8
Teosinte,Teo15,21,9.2,4.1,11.8,7.7,2.3,0,0,1,11.2
Teosinte,Teo15,25.3,10.2,6.6,15.1,8.5,1.1,0,0,1,12.2
Teosinte,Teo15,14.3,11,2.3,3.3,1,3,0,0,1,13
Teosinte,Teo15,25.5,12.4,5,13.1,8.1,1,0,0,1,14.4
Teosinte,Teo15,15.8,12.6,3,3.2,0.2,2.2,0,0,1,14.6
Teosinte,Teo15,18,12.9,2.7,5.1,2.4,2.5,0,0,1,14.9
Teosinte,Teo15,33.2,13,4.6,20.2,15.6,2.3,0,0,1,15
Teosinte,Teo15,25,13.6,5.5,11.4,5.9,1.7,0,0,1,15.6
Teosinte,Teo15,32.1,13.7,6.5,18.4,11.9,2.5,0,0,1,15.7
Teosinte,Teo15,25,13.8,5.1,11.2,6.1,1.5,0,0,1,15.8
Teosinte,Teo15,22.6,14.1,2.9,8.5,5.6,2.2,0,0,1,16.1
Teosinte,Teo15,17.1,14.5,2.1,2.6,0.5,3.5,0,0,1,16.5
Teosinte,Teo15,22.7,14.9,3.5,7.8,4.3,3.5,0,0,1,16.9
Teosinte,Teo15,17.1,15.9,1.2,1.2,0,1.2,0,0,0,17.1
Teosinte,Teo15,26.5,15.4,3.5,11.1,7.6,1.2,0,0,1,17.4
Teosinte,Teo15,30.7,15.7,3.5,15,11.5,2.7,0,0,1,17.7
Teosinte,Teo15,20.4,15.8,2.7,4.6,1.9,1.6,0,0,1,17.8
Teosinte,Teo15,29.6,16.4,4,13.2,9.2,1.5,0,0,1,18.4
Teosinte,Teo15,20.5,17,3,3.5,0.5,1,0,0,1,19
Teosinte,Teo15,30.3,17.1,4,13.2,9.2,1.5,0,0,1,19.1
Teosinte,Teo15,23.7,17.2,5,6.5,1.5,1.6,0,0,1,19.2
Teosinte,Teo15,29.1,17.2,3.5,11.9,8.4,2.4,0,0,1,19.2
Teosinte,Teo15,24.1,17.3,2.7,6.8,4.1,2.8,0,0,1,19.3
Teosinte,Teo15,33.9,17.5,5,16.4,11.4,1.6,0,0,1,19.5
Teosinte,Teo15,27.7,18,3.8,9.7,5.9,1,0,0,1,20
Teosinte,Teo15,31.1,18,3.9,13.1,9.2,2.1,0,0,1,20
Teosinte,Teo15,35.4,18,4.6,17.4,12.8,2.5,0,0,1,20
Teosinte,Teo15,28.6,19,4.7,9.6,4.9,1.5,0,0,1,21
Teosinte,Teo15,33.6,19,4.1,14.6,10.5,1.1,0,0,1,21
Teosinte,Teo15,29.6,19.6,3.6,10,6.4,1.1,0,0,1,21.6
Teosinte,Teo15,28,20.1,5.5,7.9,2.4,1.3,0,0,1,22.1
Teosinte,Teo15,26.8,20.3,3.5,6.5,3,1.3,0,0,1,22.3
Teosinte,Teo15,31,20.4,3.1,10.6,7.5,1.5,0,0,1,22.4
Teosinte,Teo15,26.2,20.5,4.1,5.7,1.6,1.5,0,0,1,22.5
Teosinte,Teo15,31,21.2,3.6,9.8,6.2,1.6,0,0,1,23.2
Teosinte,Teo15,29.5,21.5,3.5,8,4.5,1.6,0,0,1,23.5
Teosinte,Teo15,32.5,22.5,3.5,10,6.5,1.7,0,0,1,24.5
Teosinte,Teo15,32.3,24.2,4.7,8.1,3.4,1.2,0,0,1,26.2
Teosinte,Teo15,34.9,26,3.2,8.9,5.7,1.3,0,0,1,28
Teosinte,Teo16,16.8,8.5,5.1,8.3,3.2,2.2,0,0,1,10.5
Teosinte,Teo16,18.2,8.5,4.4,9.7,5.3,1,0,0,1,10.5
Teosinte,Teo16,21.4,8.5,4.9,12.9,8,2,0,0,1,10.5
Teosinte,Teo16,20,8.9,4.3,11.1,6.8,1.8,0,0,1,10.9
Teosinte,Teo16,18.3,9.2,4.7,9.1,4.4,1.6,0,0,1,11.2
Teosinte,Teo16,19.2,9.2,4.1,10,5.9,3,0,0,1,11.2
Teosinte,Teo16,19.6,10.4,4.1,9.2,5.1,2.5,0,0,1,12.4
Teosinte,Teo16,20.9,11,5.7,9.9,4.2,2,0,0,1,13
Teosinte,Teo16,25.5,11,4.9,14.5,9.6,1.5,0,0,1,13
Teosinte,Teo16,16.5,11.6,4.2,4.9,0.7,1.8,0,0,1,13.6
Teosinte,Teo16,26.6,11.7,5.1,14.9,9.8,3.5,0,0,1,13.7
Teosinte,Teo16,23.9,12.3,4.2,11.6,7.4,3,0,0,1,14.3
Teosinte,Teo16,19.1,12.5,2.9,6.6,3.7,2,0,0,1,14.5
Teosinte,Teo16,14.7,12.3,2.4,2.4,0,2.8,0,0,0,14.7
Teosinte,Teo16,18.4,12.7,4.6,5.7,1.1,2.1,0,0,1,14.7
Teosinte,Teo16,27.7,13.2,4.9,14.5,9.6,2,0,0,1,15.2
Teosinte,Teo16,30,13.5,5.5,16.5,11,2.5,0,0,1,15.5
Teosinte,Teo16,25.9,14,4.3,11.9,7.6,1.5,0,0,1,16
Teosinte,Teo16,29.6,14.2,5.6,15.4,9.8,2.2,0,0,1,16.2
Teosinte,Teo16,34.2,14.2,4.9,20,15.1,2,0,0,1,16.2
Teosinte,Teo16,29.3,14.8,4,14.5,10.5,1,0,0,1,16.8
Teosinte,Teo16,22.7,15.1,3.6,7.6,4,1.3,0,0,1,17.1
Teosinte,Teo16,28.2,15.6,4.4,12.6,8.2,3.3,0,0,1,17.6
Teosinte,Teo16,30.4,15.6,4.4,14.8,10.4,4.5,0,0,1,17.6
Teosinte,Teo16,25.2,16,4.1,9.2,5.1,1.6,0,0,1,18
Teosinte,Teo16,31.4,16.1,4.7,15.3,10.6,1.5,0,0,1,18.1
Teosinte,Teo16,27.2,16.7,4.2,10.5,6.3,2.2,0,0,1,18.7
Teosinte,Teo16,32.8,17,5.1,15.8,10.7,3,0,0,1,19
Teosinte,Teo16,30.6,17.1,3.8,13.5,9.7,1.7,0,0,1,19.1
Teosinte,Teo16,33.5,17.4,4.7,16.1,11.4,2.7,0,0,1,19.4
Teosinte,Teo16,25.8,17.9,4.2,7.9,3.7,1.9,0,0,1,19.9
Teosinte,Teo16,22.8,18.2,2.6,4.6,2,1.7,0,0,1,20.2
Teosinte,Teo16,24.3,18.2,4.6,6.1,1.5,1.5,0,0,1,20.2
Teosinte,Teo16,28.2,18.2,3.3,10,6.7,1.6,0,0,1,20.2
Teosinte,Teo16,35.1,18.7,5.5,16.4,10.9,2.5,0,0,1,20.7
Teosinte,Teo16,28.3,20.1,4.4,8.2,3.8,1.6,0,0,1,22.1
Teosinte,Teo16,36.1,26.5,5.4,9.6,4.2,1.3,0,0,1,28.5
Teosinte,Teo17,12.3,7.1,4,5.2,1.2,0.8,0,0,1,9.1
Teosinte,Teo17,14.7,10.5,3.9,4.2,0.3,2,0,0,1,12.5
Teosinte,Teo17,23.4,11,6.2,12.4,6.2,3.7,0,0,1,13
Teosinte,Teo17,25.7,11,6.3,14.7,8.4,2.8,0,0,1,13
Teosinte,Teo17,13.3,11.8,1.5,1.5,0,2,0,0,0,13.3
Teosinte,Teo17,13.3,7.7,5.6,5.6,0,2,0,0,0,13.3
Teosinte,Teo17,20.7,12.1,3.8,8.6,4.8,2,0,0,1,14.1
Teosinte,Teo17,14.4,7.6,6.8,6.8,0,2.1,0,0,0,14.4
Teosinte,Teo17,19.7,12.4,3.5,7.3,3.8,1.5,0,0,1,14.4
Teosinte,Teo17,23,12.5,5,10.5,5.5,1.5,0,0,1,14.5
Teosinte,Teo17,14.8,10.7,4.1,4.1,0,2.3,0,0,0,14.8
Teosinte,Teo17,15,9.9,5.1,5.1,0,1.8,0,0,0,15
Teosinte,Teo17,25.2,13,4.9,12.2,7.3,3,0,0,1,15
Teosinte,Teo17,15.1,9.8,5.3,5.3,0,2.2,0,0,0,15.1
Teosinte,Teo17,15.2,10.4,4.8,4.8,0,1.5,0,0,0,15.2
Teosinte,Teo17,15.6,10.6,5,5,0,4.1,0,0,0,15.6
Teosinte,Teo17,15.7,11,4.7,4.7,0,3.1,0,0,0,15.7
Teosinte,Teo17,23.9,14,4.2,9.9,5.7,3.2,0,0,1,16
Teosinte,Teo17,27.2,14,5.4,13.2,7.8,2.5,0,0,1,16
Teosinte,Teo17,16.2,12.4,3.8,3.8,0,1.2,0,0,0,16.2
Teosinte,Teo17,16.3,12.2,4.1,4.1,0,0.9,0,0,0,16.3
Teosinte,Teo17,25.4,14.3,4.6,11.1,6.5,3,0,0,1,16.3
Teosinte,Teo17,16.5,14.2,2.3,2.3,0,1.2,0,0,0,16.5
Teosinte,Teo17,25.6,14.5,6.4,11.1,4.7,3.1,0,0,1,16.5
Teosinte,Teo17,20.7,14.6,5.6,6.1,0.5,3.2,0,0,1,16.6
Teosinte,Teo17,25.1,14.7,4.2,10.4,6.2,4,0,0,1,16.7
Teosinte,Teo17,16.9,11.9,5,5,0,1.4,0,0,0,16.9
Teosinte,Teo17,22.6,15.7,5.2,6.9,1.7,6.3,0,0,1,17.7
Teosinte,Teo17,25.7,16,6.4,9.7,3.3,2.5,0,0,1,18
Teosinte,Teo17,24.8,16.1,6.5,8.7,2.2,3.1,0,0,1,18.1
Teosinte,Teo17,18.5,11.9,6.6,6.6,0,1.6,0,0,0,18.5
Teosinte,Teo17,29.6,16.7,5.4,12.9,7.5,2.3,0,0,1,18.7
Teosinte,Teo17,19.3,13.6,5.7,5.7,0,4.5,0,0,0,19.3
Teosinte,Teo17,21.7,18,3.7,3.7,0,2.4,0,0,0,21.7
Teosinte,Teo18,7.3,3.2,2.7,4.1,1.4,3,0,0,1,5.2
Teosinte,Teo18,11.3,3.7,5.1,7.6,2.5,1.9,0,0,1,5.7
Teosinte,Teo18,15.2,6.5,5.5,8.7,3.2,3.2,0,0,1,8.5
Teosinte,Teo18,20.2,7.4,5.3,12.8,7.5,2.4,0,0,1,9.4
Teosinte,Teo18,14.9,8.2,3.3,6.7,3.4,5.3,0,0,1,10.2
Teosinte,Teo18,17.9,8.4,8.1,9.5,1.4,4.6,0,0,1,10.4
Teosinte,Teo18,10.5,10.2,0.3,0.3,0,2.8,0,0,0,10.5
Teosinte,Teo18,15.2,8.5,4.5,6.7,2.2,2.6,0,0,1,10.5
Teosinte,Teo18,17.6,9,5.9,8.6,2.7,3.5,0,0,1,11
Teosinte,Teo18,15.9,9.1,5,6.8,1.8,1.5,0,0,1,11.1
Teosinte,Teo18,20.1,9.2,4,10.9,6.9,4,0,0,1,11.2
Teosinte,Teo18,20.2,9.3,4.2,10.9,6.7,5.6,0,0,1,11.3
Teosinte,Teo18,12,8,4,4,0,2,0,0,0,12
Teosinte,Teo18,23.4,10.1,4.8,13.3,8.5,2.8,0,0,1,12.1
Teosinte,Teo18,18.2,10.2,5,8,3,4.1,0,0,1,12.2
Teosinte,Teo18,18.6,10.2,5.3,8.4,3.1,3.1,0,0,1,12.2
Teosinte,Teo18,19.3,10.4,4.8,8.9,4.1,3.9,0,0,1,12.4
Teosinte,Teo18,21.8,10.5,4.5,11.3,6.8,2.3,0,0,1,12.5
Teosinte,Teo18,17.5,11,5.1,6.5,1.4,2.8,0,0,1,13
Teosinte,Teo18,19.4,11.3,6.2,8.1,1.9,2.8,0,0,1,13.3
Teosinte,Teo18,18.7,12,5.2,6.7,1.5,3.5,0,0,1,14
Teosinte,Teo18,23.8,12,6,11.8,5.8,2,0,0,1,14
Teosinte,Teo18,26.3,12,6.1,14.3,8.2,4.5,0,0,1,14
Teosinte,Teo18,29.1,12,4.2,17.1,12.9,5,0,0,1,14
Teosinte,Teo18,20.9,12.2,5.2,8.7,3.5,2.5,0,0,1,14.2
Teosinte,Teo18,22.9,12.2,6.3,10.7,4.4,5,0,0,1,14.2
Teosinte,Teo18,14.5,10.8,3.7,3.7,0,2.2,0,0,0,14.5
Teosinte,Teo18,18.4,12.7,5.1,5.7,0.6,4.1,0,0,1,14.7
Teosinte,Teo18,19.7,13.3,3.3,6.4,3.1,2,0,0,1,15.3
Teosinte,Teo18,30.5,13.5,6.8,17,10.2,5,0,0,1,15.5
Teosinte,Teo18,26.4,13.8,7,12.6,5.6,3,0,0,1,15.8
Teosinte,Teo18,28.3,14,6.8,14.3,7.5,4,0,0,1,16
Teosinte,Teo18,28.4,14,5.8,14.4,8.6,3,0,0,1,16
Teosinte,Teo18,31.1,14,4.9,17.1,12.2,3.5,0,0,1,16
Teosinte,Teo18,24.8,14.4,4.5,10.4,5.9,4.9,0,0,1,16.4
Teosinte,Teo18,16.5,12,4.5,4.5,0,3,0,0,0,16.5
Teosinte,Teo18,34.6,14.5,5.7,20.1,14.4,4.1,0,0,1,16.5
Teosinte,Teo18,31.6,15.7,5.1,15.9,10.8,2.1,0,0,1,17.7
Teosinte,Teo18,27.3,15.8,7.7,11.5,3.8,4.2,0,0,1,17.8
Teosinte,Teo18,33,16.3,5.2,16.7,11.5,3,0,0,1,18.3
Teosinte,Teo18,27.3,17.4,6.8,9.9,3.1,3.2,0,0,1,19.4
Teosinte,Teo18,35.4,20.5,5.1,14.9,9.8,3.6,0,0,1,22.5
Teosinte,Teo18,37,21,5.2,16,10.8,3.5,0,0,1,23
Teosinte,Teo19,10.4,7.8,2.6,2.6,0,2.5,0,0,0,10.4
Teosinte,Teo19,11.6,10.3,1.3,1.3,0,1.1,0,0,0,11.6
Teosinte,Teo19,12.2,9.7,2.5,2.5,0,0.5,0,0,0,12.2
Teosinte,Teo19,13.9,9.8,4.1,4.1,0,2,0,0,0,13.9
Teosinte,Teo19,17.4,12,3.4,5.4,2,3,0,0,1,14
Teosinte,Teo19,18.8,12.2,4.1,6.6,2.5,2,0,0,1,14.2
Teosinte,Teo19,14.4,11.5,2.9,2.9,0,1.5,0,0,0,14.4
Teosinte,Teo19,29.4,13.2,5.4,16.2,10.8,2,0,0,1,15.2
Teosinte,Teo19,27.2,13.6,4.3,13.6,9.3,3.2,0,0,1,15.6
Teosinte,Teo19,21.1,14.4,3.6,6.7,3.1,2.6,0,0,1,16.4
Teosinte,Teo19,23.3,14.5,5.1,8.8,3.7,3.4,0,0,1,16.5
Teosinte,Teo19,27.3,14.5,4.5,12.8,8.3,1.4,0,0,1,16.5
Teosinte,Teo19,21.8,15,4.1,6.8,2.7,2.4,0,0,1,17
Teosinte,Teo19,31.3,15,7,16.3,9.3,2.9,0,0,1,17
Teosinte,Teo19,26.9,15.8,3.2,11.1,7.9,2.7,0,0,1,17.8
Teosinte,Teo19,30.5,16,4.2,14.5,10.3,2.8,0,0,1,18
Teosinte,Teo19,20,16.1,3.7,3.9,0.2,2.3,0,0,1,18.1
Teosinte,Teo19,25.9,16.2,4.5,9.7,5.2,2,0,0,1,18.2
Teosinte,Teo19,20.2,16.7,3.3,3.5,0.2,2.4,0,0,1,18.7
Teosinte,Teo19,22.6,16.9,4,5.7,1.7,2.7,0,0,1,18.9
Teosinte,Teo19,24.1,17.1,4.6,7,2.4,1.8,0,0,1,19.1
Teosinte,Teo19,27,17.1,3.9,9.9,6,1.7,0,0,1,19.1
Teosinte,Teo19,19.6,14.5,5.1,5.1,0,1.5,0,0,0,19.6
Teosinte,Teo19,24.8,17.8,6.8,7,0.2,1.5,0,0,1,19.8
Teosinte,Teo19,25.2,18,5.2,7.2,2,3,0,0,1,20
Teosinte,Teo19,25.4,18,5,7.4,2.4,2.5,0,0,1,20
Teosinte,Teo19,30.4,18.3,5.9,12.1,6.2,2.3,0,0,1,20.3
Teosinte,Teo19,26.1,18.7,5.1,7.4,2.3,2.4,0,0,1,20.7
Teosinte,Teo19,24.2,19.4,4.2,4.8,0.6,1.2,0,0,1,21.4
Teosinte,Teo19,22.2,16.8,5.4,5.4,0,3.5,0,0,0,22.2
Teosinte,Teo19,27,20.6,5,6.4,1.4,3.2,0,0,1,22.6
Teosinte,Teo19,27.4,20.7,6.5,6.7,0.2,3.1,0,0,1,22.7
Teosinte,Teo19,29.9,20.7,5.1,9.2,4.1,2.3,0,0,1,22.7
Teosinte,Teo19,28.6,21.2,4.8,7.4,2.6,1,0,0,1,23.2
Teosinte,Teo19,33.7,22.5,5.2,11.2,6,2.6,0,0,1,24.5
Teosinte,Teo19,29.6,23,4.2,6.6,2.4,2.6,0,0,1,25
Teosinte,Teo19,37.3,23,4.2,14.3,10.1,1.5,0,0,1,25
Teosinte,Teo20,13.7,2.5,6.5,11.2,4.7,1.3,0,0,1,4.5
Teosinte,Teo20,11.2,3,3.1,8.2,5.1,1.7,0,0,1,5
Teosinte,Teo20,13.1,4.5,5.3,8.6,3.3,1.5,0,0,1,6.5
Teosinte,Teo20,10.2,4.6,4.2,5.6,1.4,2,0,0,1,6.6
Teosinte,Teo20,11.5,5,3.6,6.5,2.9,1.5,0,0,1,7
Teosinte,Teo20,14.3,7.2,4.5,7.1,2.6,2,0,0,1,9.2
Teosinte,Teo20,15.4,7.6,2.9,7.8,4.9,2.5,0,0,1,9.6
Teosinte,Teo20,17.8,8.5,4.4,9.3,4.9,1.5,0,0,1,10.5
Teosinte,Teo20,14.8,9.5,3.7,5.3,1.6,3,0,0,1,11.5
Teosinte,Teo20,14.6,10,4.5,4.6,0.1,4,0,0,1,12
Teosinte,Teo20,12.4,10,2.4,2.4,0,1.6,0,0,0,12.4
Teosinte,Teo20,20.7,11.4,4.3,9.3,5,1.7,0,0,1,13.4
Teosinte,Teo20,13.5,9.5,4,4,0,1.7,0,0,0,13.5
Teosinte,Teo20,13.9,8,5.9,5.9,0,1.3,0,0,0,13.9
Teosinte,Teo20,20.2,13,2.8,7.2,4.4,1.5,0,0,1,15
Teosinte,Teo20,20.2,13.5,3.4,6.7,3.3,2,0,0,1,15.5
Teosinte,Teo20,17.3,13.9,2.3,3.4,1.1,1.5,0,0,1,15.9
Teosinte,Teo21,20.9,10.1,5.1,10.8,5.7,1.5,0,0,1,12.1
Teosinte,Teo21,18.7,12.1,5,6.6,1.6,1.8,0,0,1,14.1
Teosinte,Teo21,29.6,12.8,4.6,16.8,12.2,1.8,0,0,1,14.8
Teosinte,Teo21,27.9,13.3,5.3,14.6,9.3,3.6,0,0,1,15.3
Teosinte,Teo21,31.5,14,5.4,17.5,12.1,2.5,0,0,1,16
Teosinte,Teo21,16.4,14,2.4,2.4,0,1.5,0,0,0,16.4
Teosinte,Teo21,24.4,14.4,2.2,10,7.8,2.1,0,0,1,16.4
Teosinte,Teo21,29.8,14.8,5.2,15,9.8,1.8,0,0,1,16.8
Teosinte,Teo21,17.2,12.7,4.5,4.5,0,1.8,0,0,0,17.2
Teosinte,Teo21,17.8,11.8,6,6,0,0.7,0,0,0,17.8
Teosinte,Teo21,23.6,16.1,4.4,7.5,3.1,1.5,0,0,1,18.1
Teosinte,Teo21,28.1,17.2,4.9,10.9,6,3.4,0,0,1,19.2
Teosinte,Teo21,25.6,17.8,4.4,7.8,3.4,2.5,0,0,1,19.8
Teosinte,Teo21,27.9,17.9,5,10,5,3.5,0,0,1,19.9
Teosinte,Teo21,29.8,18,4.6,11.8,7.2,2.2,0,0,1,20
Teosinte,Teo21,23,18.2,4,4.8,0.8,2.3,0,0,1,20.2
Teosinte,Teo21,24,18.7,4.6,5.3,0.7,1.8,0,0,1,20.7
Teosinte,Teo21,27.8,18.7,4.2,9.1,4.9,2.6,0,0,1,20.7
Teosinte,Teo21,25.9,19,6,6.9,0.9,1.6,0,0,1,21
Teosinte,Teo21,26.1,19,4.3,7.1,2.8,3.2,0,0,1,21
Teosinte,Teo21,21.5,16.6,4.9,4.9,0,2,0,0,0,21.5
Teosinte,Teo21,28.1,19.5,4.6,8.6,4,3.1,0,0,1,21.5
Teosinte,Teo21,26.4,19.9,4.2,6.5,2.3,2.2,0,0,1,21.9
Teosinte,Teo21,36.8,19.9,4.4,16.9,12.5,3.5,0,0,1,21.9
Teosinte,Teo21,27.1,20,5.7,7.1,1.4,8.5,0,0,1,22
Teosinte,Teo21,29.5,20,4.2,9.5,5.3,2,0,0,1,22
Teosinte,Teo21,26.9,20.2,5.5,6.7,1.2,2.7,0,0,1,22.2
Teosinte,Teo21,35.2,20.2,6.6,15,8.4,3.8,0,0,1,22.2
Teosinte,Teo21,22.5,18.6,3.9,3.9,0,1.5,0,0,0,22.5
Teosinte,Teo21,30.6,21,4.8,9.6,4.8,2.7,0,0,1,23
Teosinte,Teo21,29.6,21.2,4.6,8.4,3.8,2.6,0,0,1,23.2
Teosinte,Teo21,35.9,21.9,4.6,14,9.4,2.6,0,0,1,23.9
Teosinte,Teo21,31.8,22.3,5.1,9.5,4.4,2,0,0,1,24.3
Teosinte,Teo21,31.2,22.4,5,8.8,3.8,2.8,0,0,1,24.4
Teosinte,Teo21,24.8,19.8,5,5,0,2.2,0,0,0,24.8
Teosinte,Teo21,25.8,20.7,5.1,5.1,0,2.1,0,0,0,25.8
Teosinte,Teo21,25.9,20,5.9,5.9,0,2.5,0,0,0,25.9
Teosinte,Teo21,26.3,21.4,4.9,4.9,0,1.7,0,0,0,26.3
Teosinte,Teo21,35.9,25.1,5,10.8,5.8,2.4,0,0,1,27.1
Teosinte,Teo21,27.2,20.4,6.8,6.8,0,1.7,0,0,0,27.2
Teosinte,Teo21,28.6,22.4,6.2,6.2,0,2,0,0,0,28.6
Teosinte,Teo21,32.7,25,7.7,7.7,0,1.4,0,0,0,32.7
Teosinte,Teo22,17.2,10,4.7,7.2,2.5,2.5,0,0,1,12
Teosinte,Teo22,17.3,10,6.6,7.3,0.7,3,0,0,1,12
Teosinte,Teo22,16.9,10.2,4.6,6.7,2.1,2,0,0,1,12.2
Teosinte,Teo22,21.1,12.5,4.5,8.6,4.1,2.5,0,0,1,14.5
Teosinte,Teo22,22.3,13.4,6.2,8.9,2.7,2,0,0,1,15.4
Teosinte,Teo22,26.7,13.4,4.5,13.3,8.8,2,0,0,1,15.4
Teosinte,Teo22,18.1,14.5,2.3,3.6,1.3,1.8,0,0,1,16.5
Teosinte,Teo22,21.9,15.7,3.1,6.2,3.1,1,0,0,1,17.7
Teosinte,Teo22,26,16.3,4.4,9.7,5.3,1.8,0,0,1,18.3
Teosinte,Teo22,27.1,16.4,3.8,10.7,6.9,2.3,0,0,1,18.4
Teosinte,Teo22,29.2,16.8,4.4,12.4,8,2.8,0,0,1,18.8
Teosinte,Teo22,24.4,17.2,3.2,7.2,4,2,0,0,1,19.2
Teosinte,Teo22,26,18.5,2.3,7.5,5.2,1,0,0,1,20.5
Teosinte,Teo22,20.8,17.6,3.2,3.2,0,0.7,0,0,0,20.8
Teosinte,Teo22,30.6,19.5,7.7,11.1,3.4,1.2,0,0,1,21.5
Teosinte,Teo22,26.5,19.6,3.6,6.9,3.3,2.3,0,0,1,21.6
Teosinte,Teo22,22.4,19.7,2.3,2.7,0.4,1.8,0,0,1,21.7
Teosinte,Teo22,28.3,19.7,4,8.6,4.6,2.4,0,0,1,21.7
Teosinte,Teo22,29.2,19.7,2.8,9.5,6.7,2.5,0,0,1,21.7
Teosinte,Teo22,30.4,19.7,3.1,10.7,7.6,1.7,0,0,1,21.7
Teosinte,Teo22,28.8,19.8,4,9,5,2.3,0,0,1,21.8
Teosinte,Teo22,25.1,20.1,3.7,5,1.3,1,0,0,1,22.1
Teosinte,Teo22,22.8,20.2,2.3,2.6,0.3,0.5,0,0,1,22.2
Teosinte,Teo22,24.8,20.6,2.8,4.2,1.4,2.4,0,0,1,22.6
Teosinte,Teo22,25.4,20.7,3.1,4.7,1.6,2.7,0,0,1,22.7
Teosinte,Teo22,29.8,20.8,3.4,9,5.6,1.2,0,0,1,22.8
Teosinte,Teo22,23,20.9,2.1,2.1,0,2.3,0,0,0,23
Teosinte,Teo22,28,21,4,7,3,2.5,0,0,1,23
Teosinte,Teo22,35.7,21,5.4,14.7,9.3,2.1,0,0,1,23
Teosinte,Teo22,28.1,21.3,4.4,6.8,2.4,2.6,0,0,1,23.3
Teosinte,Teo22,33.5,21.6,4.6,11.9,7.3,1.6,0,0,1,23.6
Teosinte,Teo22,26.7,21.8,2.9,4.9,2,1.7,0,0,1,23.8
Teosinte,Teo22,23.9,20.5,3.4,3.4,0,1,0,0,0,23.9
Teosinte,Teo22,26.5,21.9,3.7,4.6,0.9,3.4,0,0,1,23.9
Teosinte,Teo22,25.1,22,2.5,3.1,0.6,1.4,0,0,1,24
Teosinte,Teo22,35.3,22,3.6,13.3,9.7,4,0,0,1,24
Teosinte,Teo22,27.4,23.3,3,4.1,1.1,1.7,0,0,1,25.3
Teosinte,Teo22,31,23.4,4.9,7.6,2.7,2.4,0,0,1,25.4
Teosinte,Teo22,26.1,23,3.1,3.1,0,1,0,0,0,26.1
Teosinte,Teo22,32.6,24.5,5.1,8.1,3,1.8,0,0,1,26.5
Teosinte,Teo23,11.6,4,5.7,7.6,1.9,3.6,0,0,1,6
Teosinte,Teo23,16.6,4.3,5.1,12.3,7.2,3.5,0,0,1,6.3
Teosinte,Teo23,10.3,5,5,5.3,0.3,2.1,0,0,1,7
Teosinte,Teo23,12.2,5,5.1,7.2,2.1,4.5,0,0,1,7
Teosinte,Teo23,14.5,5,4.4,9.5,5.1,3.2,0,0,1,7
Teosinte,Teo23,18.9,5.1,5,13.8,8.8,3.5,0,0,1,7.1
Teosinte,Teo23,13.7,6.3,5.4,7.4,2,3,0,0,1,8.3
Teosinte,Teo23,15.8,6.3,6.9,9.5,2.6,4,0,0,1,8.3
Teosinte,Teo23,14.1,7,6.1,7.1,1,7.3,0,0,1,9
Teosinte,Teo23,16.2,7.5,3.9,8.7,4.8,2,0,0,1,9.5
Teosinte,Teo23,22.3,8,4.6,14.3,9.7,4,0,0,1,10
Teosinte,Teo23,15.7,8.1,5.1,7.6,2.5,3.5,0,0,1,10.1
Teosinte,Teo23,17.8,8.3,5.7,9.5,3.8,5.5,0,0,1,10.3
Teosinte,Teo23,18,9,5.2,9,3.8,2.3,0,0,1,11
Teosinte,Teo23,22,9.1,4,12.9,8.9,4,0,0,1,11.1
Teosinte,Teo23,15.5,9.3,4.2,6.2,2,1.4,0,0,1,11.3
Teosinte,Teo23,15,9.5,3.4,5.5,2.1,1.3,0,0,1,11.5
Teosinte,Teo23,12.9,7.3,5.6,5.6,0,3.2,0,0,0,12.9
Teosinte,Teo23,14.5,11,1.5,3.5,2,3,0,0,1,13
Teosinte,Teo23,13.3,10.5,2.8,2.8,0,3,0,0,0,13.3
Teosinte,Teo23,23.4,11.7,4.1,11.7,7.6,3,0,0,1,13.7
Teosinte,Teo23,26.5,14,4.5,12.5,8,1.9,0,0,1,16
Teosinte,Teo23,18.5,14,4.5,4.5,0,4,0,0,0,18.5
Teosinte,Teo24,10.2,1.2,5.6,9,3.4,2.5,0,0,1,3.2
Teosinte,Teo24,9.7,2.5,2.1,7.2,5.1,1.7,0,0,1,4.5
Teosinte,Teo24,8.3,5.3,2.6,3,0.4,3,0,0,1,7.3
Teosinte,Teo24,11.8,6.3,2.9,5.5,2.6,1.1,0,0,1,8.3
Teosinte,Teo24,10.4,6.5,3.5,3.9,0.4,2,0,0,1,8.5
Teosinte,Teo24,13.3,6.5,4,6.8,2.8,2.5,0,0,1,8.5
Teosinte,Teo24,15.7,7,4.6,8.7,4.1,3.5,0,0,1,9
Teosinte,Teo24,15.1,7.1,4.6,8,3.4,3,0,0,1,9.1
Teosinte,Teo24,11.6,7.5,3.5,4.1,0.6,1,0,0,1,9.5
Teosinte,Teo24,10.2,8.5,1.7,1.7,0,2.5,0,0,0,10.2
Teosinte,Teo24,14.5,8.3,3,6.2,3.2,1.7,0,0,1,10.3
Teosinte,Teo24,15.1,9.1,5.5,6,0.5,1.7,0,0,1,11.1
Teosinte,Teo24,12.5,11.3,1.2,1.2,0,2.5,0,0,0,12.5
Teosinte,Teo24,13.5,11,1.2,2.5,1.3,2.5,0,0,1,13
Teosinte,Teo24,19.4,11.8,4.3,7.6,3.3,1.3,0,0,1,13.8
Teosinte,Teo24,21.3,12.3,4.5,9,4.5,4.5,0,0,1,14.3
Teosinte,Teo24,19.9,13,4.4,6.9,2.5,2,0,0,1,15
Teosinte,Teo24,21.6,13.1,6,8.5,2.5,3.2,0,0,1,15.1
Teosinte,Teo24,24.7,13.5,3.5,11.2,7.7,1.5,0,0,1,15.5
Teosinte,Teo24,23,14.2,3,8.8,5.8,2.5,0,0,1,16.2
Teosinte,Teo24,17.2,14.5,2.3,2.7,0.4,1.1,0,0,1,16.5
Teosinte,Teo24,18.9,15.2,3,3.7,0.7,1.4,0,0,1,17.2
Teosinte,Teo24,21.4,15.4,2.9,6,3.1,1.5,0,0,1,17.4
Teosinte,Teo24,18,16,2,2,0,1.7,0,0,0,18
Teosinte,Teo24,19,16.6,2.4,2.4,0,1,0,0,0,19
Teosinte,Teo24,24.6,17,4.5,7.6,3.1,2,0,0,1,19
Teosinte,Teo25,15.2,6.5,3.6,8.7,5.1,3,0,0,1,8.5
Teosinte,Teo25,13.4,8.4,4.3,5,0.7,1.9,0,0,1,10.4
Teosinte,Teo25,19.7,9.1,5.4,10.6,5.2,2.5,0,0,1,11.1
Teosinte,Teo25,19.2,10.1,3.3,9.1,5.8,3.5,0,0,1,12.1
Teosinte,Teo25,21.4,11.7,3.7,9.7,6,2.8,0,0,1,13.7
Teosinte,Teo25,21.5,13,3,8.5,5.5,1.5,0,0,1,15
Teosinte,Teo25,24.5,13.5,3.7,11,7.3,2.3,0,0,1,15.5
Teosinte,Teo25,16.5,14,2.5,2.5,0,2.4,0,0,0,16.5
Teosinte,Teo25,24.9,15,3.4,9.9,6.5,2.2,0,0,1,17
Teosinte,Teo25,25.2,15,5.3,10.2,4.9,1.5,0,0,1,17
Teosinte,Teo25,27.9,16.4,3.5,11.5,8,1.5,0,0,1,18.4
Teosinte,Teo25,27.2,16.5,3.6,10.7,7.1,1.8,0,0,1,18.5
Teosinte,Teo26,18.2,10.5,4.9,7.7,2.8,4.7,0,0,1,12.5
Teosinte,Teo26,19.8,10.5,5.1,9.3,4.2,6,0,0,1,12.5
Teosinte,Teo26,21.9,11.2,4.1,10.7,6.6,4.3,0,0,1,13.2
Teosinte,Teo26,19.3,11.8,6.2,7.5,1.3,3,0,0,1,13.8
Teosinte,Teo26,24.3,12.1,4.2,12.2,8,3.5,0,0,1,14.1
Teosinte,Teo26,27.3,12.5,6,14.8,8.8,3.5,0,0,1,14.5
Teosinte,Teo26,22.6,14.2,4.5,8.4,3.9,2.2,0,0,1,16.2
Teosinte,Teo26,30.2,15,3.4,15.2,11.8,4.2,0,0,1,17
Teosinte,Teo26,25.2,15.2,5.1,10,4.9,4,0,0,1,17.2
Teosinte,Teo26,24.8,15.5,4,9.3,5.3,3.7,0,0,1,17.5
Teosinte,Teo26,21.7,15.6,5.5,6.1,0.6,5.5,0,0,1,17.6
Teosinte,Teo26,28,16.4,5.5,11.6,6.1,4,0,0,1,18.4
Teosinte,Teo26,23.3,17.3,4.5,6,1.5,3.5,0,0,1,19.3
Teosinte,Teo26,30,19,5.4,11,5.6,2,0,0,1,21
Teosinte,Teo26,36.7,21.2,5.2,15.5,10.3,4.2,0,0,1,23.2
Teosinte,Teo26,23.9,20.3,3.6,3.6,0,2.5,0,0,0,23.9
Tripsacum,Trip1,2.4,1.8,0.6,0.6,0,1,0,0,0,2.4
Tripsacum,Trip1,4.2,3.3,0.9,0.9,0,1.5,0,0,0,4.2
Tripsacum,Trip1,5.5,4.7,0.8,0.8,0,2.7,0,0,0,5.5
Tripsacum,Trip1,7.5,6.5,1,1,0,2.1,0,0,0,7.5
Tripsacum,Trip1,7.6,6.1,1.5,1.5,0,1.1,0,0,0,7.6
Tripsacum,Trip1,8,6.6,1.4,1.4,0,2,0,0,0,8
Tripsacum,Trip1,8.1,6.9,1.2,1.2,0,1.6,0,0,0,8.1
Tripsacum,Trip1,8.3,7,1.3,1.3,0,2.5,0,0,0,8.3
Tripsacum,Trip1,8.3,7,1.3,1.3,0,3,0,0,0,8.3
Tripsacum,Trip1,8.3,7.2,1.1,1.1,0,1.2,0,0,0,8.3
Tripsacum,Trip1,8.6,7,1.6,1.6,0,3.2,0,0,0,8.6
Tripsacum,Trip1,8.8,7.1,1.7,1.7,0,1.7,0,0,0,8.8
Tripsacum,Trip1,9.1,8,1.1,1.1,0,1.3,0,0,0,9.1
Tripsacum,Trip1,9.2,8.3,0.9,0.9,0,6.3,0,0,0,9.2
Tripsacum,Trip1,9.3,7.6,1.7,1.7,0,1.2,0,0,0,9.3
Tripsacum,Trip1,10.8,9,1.8,1.8,0,1.5,0,0,0,10.8
Tripsacum,Trip1,11.1,9.3,1.8,1.8,0,2.6,0,0,0,11.1
Tripsacum,Trip1,11.3,9.6,1.7,1.7,0,1.2,0,0,0,11.3
Tripsacum,Trip1,12.5,10.3,2.2,2.2,0,1.7,0,0,0,12.5
Tripsacum,Trip1,13,11.1,1.9,1.9,0,1.4,0,0,0,13
Tripsacum,Trip1,13.1,11.2,1.9,1.9,0,1.9,0,0,0,13.1
Tripsacum,Trip1,14,11.9,2.1,2.1,0,2,0,0,0,14
Tripsacum,Trip1,14.4,12,2.4,2.4,0,1.1,0,0,0,14.4
Tripsacum,Trip1,14.9,12.8,2.1,2.1,0,1.1,0,0,0,14.9
Tripsacum,Trip1,15.2,12,3.2,3.2,0,2,0,0,0,15.2
Tripsacum,Trip1,17.2,15.7,1.5,1.5,0,6.1,0,0,0,17.2
Tripsacum,Trip1,18.5,16.9,1.6,1.6,0,4,0,0,0,18.5
Tripsacum,Trip10,17.1,15.2,1.9,1.9,0,4.2,0,0,0,17.1
Tripsacum,Trip11,16.4,14.6,1.8,1.8,0,1.6,0,0,0,16.4
Tripsacum,Trip2,2.5,2.1,0.4,0.4,0,1,0,0,0,2.5
Tripsacum,Trip2,4.7,4,0.7,0.7,0,1.5,0,0,0,4.7
Tripsacum,Trip2,5,4.3,0.7,0.7,0,2.7,0,0,0,5
Tripsacum,Trip2,8,7.2,0.8,0.8,0,1.5,0,0,0,8
Tripsacum,Trip2,11.1,10.1,1,1,0,1,0,0,0,11.1
Tripsacum,Trip2,13,11.9,1.1,1.1,0,2,0,0,0,13
Tripsacum,Trip2,13.6,12.3,1.3,1.3,0,1.5,0,0,0,13.6
Tripsacum,Trip2,14,12.8,1.2,1.2,0,2.3,0,0,0,14
Tripsacum,Trip2,14.2,13,1.2,1.2,0,1.2,0,0,0,14.2
Tripsacum,Trip2,14.4,13.2,1.2,1.2,0,2.3,0,0,0,14.4
Tripsacum,Trip2,15.1,13.9,1.2,1.2,0,1.6,0,0,0,15.1
Tripsacum,Trip2,15.6,14.5,1.1,1.1,0,1.6,0,0,0,15.6
Tripsacum,Trip2,15.6,14.5,1.1,1.1,0,1,0,0,0,15.6
Tripsacum,Trip2,16.1,14.5,1.6,1.6,0,1,0,0,0,16.1
Tripsacum,Trip2,16.8,15.3,1.5,1.5,0,3,0,0,0,16.8
Tripsacum,Trip2,17.3,15.5,1.8,1.8,0,0.8,0,0,0,17.3
Tripsacum,Trip2,17.6,16.1,1.5,1.5,0,3.1,0,0,0,17.6
Tripsacum,Trip2,18.7,17.1,1.6,1.6,0,1.2,0,0,0,18.7
Tripsacum,Trip2,19.5,18.2,1.3,1.3,0,2,0,0,0,19.5
Tripsacum,Trip2,19.7,17.8,1.9,1.9,0,1.5,0,0,0,19.7
Tripsacum,Trip3,4.2,2.8,1.4,1.4,0,2.6,0,0,0,4.2
Tripsacum,Trip3,7.2,6.2,1,1,0,4.2,0,0,0,7.2
Tripsacum,Trip3,10.1,8.9,1.2,1.2,0,4.5,0,0,0,10.1
Tripsacum,Trip3,10.3,8.9,1.4,1.4,0,2.7,0,0,0,10.3
Tripsacum,Trip3,23.2,16.9,3.5,3.5,0,2.4,0,0,0,23.2
Tripsacum,Trip4,3.9,3.5,0.4,0.4,0,0.8,0,0,0,3.9
Tripsacum,Trip4,4.8,4,0.8,0.8,0,3.2,0,0,0,4.8
Tripsacum,Trip4,7.3,6.2,1.1,1.1,0,6,0,0,0,7.3
Tripsacum,Trip4,7.3,6.7,0.6,0.6,0,1.4,0,0,0,7.3
Tripsacum,Trip4,7.5,6.3,1.2,1.2,0,4.3,0,0,0,7.5
Tripsacum,Trip4,7.6,6.4,1.2,1.2,0,1.6,0,0,0,7.6
Tripsacum,Trip4,7.8,6,1.8,1.8,0,4.3,0,0,0,7.8
Tripsacum,Trip4,8.6,7.2,1.4,1.4,0,4.7,0,0,0,8.6
Tripsacum,Trip4,9.6,8.8,0.8,0.8,0,1.8,0,0,0,9.6
Tripsacum,Trip4,9.8,9,0.8,0.8,0,2.5,0,0,0,9.8
Tripsacum,Trip4,10.9,9.5,1.4,1.4,0,1.2,0,0,0,10.9
Tripsacum,Trip4,11,9.9,1.1,1.1,0,1.3,0,0,0,11
Tripsacum,Trip4,12.4,10.5,1.2,1.2,0,5.8,0,0,0,12.4
Tripsacum,Trip5,2.7,1.5,1.2,1.2,0,2,0,0,0,2.7
Tripsacum,Trip5,3.1,2.6,0.5,0.5,0,2.7,0,0,0,3.1
Tripsacum,Trip5,5.7,5.2,0.5,0.5,0,2.6,0,0,0,5.7
Tripsacum,Trip5,6.3,5.1,1.2,1.2,0,2.6,0,0,0,6.3
Tripsacum,Trip5,6.5,5.8,0.7,0.7,0,2.2,0,0,0,6.5
Tripsacum,Trip5,8.4,7.4,1,1,0,3.5,0,0,0,8.4
Tripsacum,Trip5,9,7.5,1.5,1.5,0,2.7,0,0,0,9
Tripsacum,Trip5,9,8,1,1,0,1.4,0,0,0,9
Tripsacum,Trip5,9.3,7.7,1.6,1.6,0,3.2,0,0,0,9.3
Tripsacum,Trip5,9.8,8.2,1.6,1.6,0,2.2,0,0,0,9.8
Tripsacum,Trip5,10,8.5,1.5,1.5,0,4.5,0,0,0,10
Tripsacum,Trip5,10.3,8.8,1.5,1.5,0,2,0,0,0,10.3
Tripsacum,Trip5,12.6,10.9,1.7,1.7,0,5.4,0,0,0,12.6
Tripsacum,Trip5,13.2,11.7,1.5,1.5,0,3.8,0,0,0,13.2
Tripsacum,Trip5,14,11.5,2.5,2.5,0,5.4,0,0,0,14
Tripsacum,Trip5,14.3,12.8,1.5,1.5,0,5.4,0,0,0,14.3
Tripsacum,Trip5,16.5,14.7,1.8,1.8,0,1.5,0,0,0,16.5
Tripsacum,Trip6,4.5,4,0.5,0.5,0,3.1,0,0,0,4.5
Tripsacum,Trip6,5.8,5.2,0.6,0.6,0,3,0,0,0,5.8
Tripsacum,Trip6,5.9,5.1,0.8,0.8,0,2.5,0,0,0,5.9
Tripsacum,Trip6,7,6.5,0.5,0.5,0,4,0,0,0,7
Tripsacum,Trip6,10,9,1,1,0,4.5,0,0,0,10
Tripsacum,Trip6,10.6,9.7,0.9,0.9,0,5,0,0,0,10.6
Tripsacum,Trip6,11.8,10.8,1,1,0,3,0,0,0,11.8
Tripsacum,Trip6,11.9,10.8,1.1,1.1,0,2.5,0,0,0,11.9
Tripsacum,Trip6,13,12,1,1,0,2.5,0,0,0,13
Tripsacum,Trip6,13.3,12.3,1,1,0,4.6,0,0,0,13.3
Tripsacum,Trip6,14.5,13.3,1.2,1.2,0,4.1,0,0,0,14.5
Tripsacum,Trip6,15.8,14,1.8,1.8,0,1.6,0,0,0,15.8
Tripsacum,Trip6,18.1,17,1.1,1.1,0,3.5,0,0,0,18.1
Tripsacum,Trip7,4.4,3.9,0.5,0.5,0,1.7,0,0,0,4.4
Tripsacum,Trip7,5.8,5.2,0.6,0.6,0,2.7,0,0,0,5.8
Tripsacum,Trip7,6.5,5.7,0.8,0.8,0,3.7,0,0,0,6.5
Tripsacum,Trip7,7.7,6.7,1,1,0,3.2,0,0,0,7.7
Tripsacum,Trip7,8.3,7.6,0.7,0.7,0,0.5,0,0,0,8.3
Tripsacum,Trip8,11.1,9.8,1.3,1.3,0,1.5,0,0,0,11.1
Tripsacum,Trip8,12.2,10.8,1.4,1.4,0,1.3,0,0,0,12.2
Tripsacum,Trip8,13.7,12.2,1.5,1.5,0,2.7,0,0,0,13.7
Tripsacum,Trip8,14.4,13.3,1.1,1.1,0,1,0,0,0,14.4
Tripsacum,Trip8,15.9,14.5,1.4,1.4,0,3,0,0,0,15.9
Tripsacum,Trip8,17.8,15.9,1.9,1.9,0,3.3,0,0,0,17.8
Tripsacum,Trip8,18,16,2,2,0,3.3,0,0,0,18
Tripsacum,Trip8,20.2,18.3,1.9,1.9,0,2.8,0,0,0,20.2
Tripsacum,Trip8,20.6,18.6,2,2,0,2.5,0,0,0,20.6
Tripsacum,Trip8,20.9,19.2,1.7,1.7,0,1.2,0,0,0,20.9
Tripsacum,Trip8,21.3,19.1,2.2,2.2,0,3,0,0,0,21.3
Tripsacum,Trip9,7.9,6.9,1,1,0,2.5,0,0,0,7.9
Tripsacum,Trip9,9.9,9.1,0.8,0.8,0,2.5,0,0,0,9.9
Tripsacum,Trip9,10.5,9.3,1.2,1.2,0,2.5,0,0,0,10.5
Tripsacum,Trip9,11.1,10.1,1,1,0,2.5,0,0,0,11.1
Tripsacum,Trip9,12.1,10.6,1.5,1.5,0,1.3,0,0,0,12.1
Tripsacum,Trip9,13.9,11.7,2.2,2.2,0,1,0,0,0,13.9
Tripsacum,Trip9,15.2,13.7,1.5,1.5,0,1.2,0,0,0,15.2
Tripsacum,Trip9,15.8,14.2,1.6,1.6,0,3,0,0,0,15.8
Tripsacum,Trip9,16.6,15,1.6,1.6,0,3,0,0,0,16.6
Tripsacum,Trip9,17.3,15.3,2,2,0,2,0,0,0,17.3
Tripsacum,Trip9,18,16.4,1.6,1.6,0,1.1,0,0,0,18
Tripsacum,Trip9,18,16.5,1.5,1.5,0,0.6,0,0,0,18
Tripsacum,Trip9,18.6,16.5,2.1,2.1,0,2.2,0,0,0,18.6
Tripsacum,Trip9,18.8,16.9,1.9,1.9,0,1.5,0,0,0,18.8
Tripsacum,Trip9,19.2,17.3,1.9,1.9,0,2,0,0,0,19.2
Tripsacum,Trip9,20.1,18,2.1,2.1,0,2,0,0,0,20.1
Maize,IH1,8.4,4.1,2.5,4.3,1.8,5.6,0,3,1,6.1
Maize,IH1,13.6,5,8.1,8.6,0.5,5,3,2,1,7
Maize,IH1,7.5,3,4.5,4.5,0,15.5,0,3,0,7.5
Maize,IH1,9.5,5.5,3.2,4,0.8,10,0,4,1,7.5
Maize,IH1,12.8,6,5,6.8,1.8,14.2,0,2,1,8
Maize,IH1,14.7,6.3,4.7,8.4,3.7,10,0,2,1,8.3
Maize,IH1,20,6.4,7.4,13.6,6.2,19.5,2,2,1,8.4
Maize,IH1,17.5,7.5,6.9,10,3.1,11,0,4,1,9.5
Maize,IH1,15.9,8.5,6.4,7.4,1,11,0,4,1,10.5
Maize,IH1,20.7,8.5,5.3,12.2,6.9,4.9,3,2,1,10.5
Maize,IH1,26.9,8.5,6.4,18.4,12,29,2,3,1,10.5
Maize,IH1,14.6,9,4.5,5.6,1.1,10,0,2,1,11
Maize,IH1,16.6,9,4.5,7.6,3.1,9,2,2,1,11
Maize,IH1,23.2,9,8.2,14.2,6,10.3,4,2,1,11
Maize,IH1,25.3,9,6,16.3,10.3,12,2,3,1,11
Maize,IH1,25.1,9.5,4.9,15.6,10.7,10,2,2,1,11.5
Maize,IH1,11.6,7,4.6,4.6,0,12,0,2,0,11.6
Maize,IH1,12.6,6.2,6.4,6.4,0,11.2,0,3,0,12.6
Maize,IH1,30.4,11.2,7.4,19.2,11.8,9.4,0,2,1,13.2
Maize,IH1,19,11.5,7.4,7.5,0.1,20.7,0,2,1,13.5
Maize,IH1,27.7,12.2,10.1,15.5,5.4,5.6,2,2,1,14.2
Maize,IH1,28.7,12.5,6.1,16.2,10.1,10,2,2,1,14.5
Maize,IH1,27,13,6.8,14,7.2,11.5,1,2,1,15
Maize,IH1,27.4,15,5.1,12.4,7.3,4.1,4,2,1,17
Maize,IH1,31.2,15.5,6.5,15.7,9.2,13.5,3,2,1,17.5
Maize,IH1,18.8,12.2,6.6,6.6,0,8.6,0,4,0,18.8
Maize,IH1,20,12.2,7.8,7.8,0,13,0,2,0,20
Maize,IH1,32.5,19,4.5,13.5,9,7.5,0,3,1,21
Maize,M1,15,5.5,5.2,9.5,4.3,4.5,0,2,1,7.5
Maize,M1,14.7,5.7,3.5,9,5.5,6,0,0,1,7.7
Maize,M1,15,7.5,6,7.5,1.5,7.5,0,0,1,9.5
Maize,M1,15.6,7.6,5.1,8,2.9,8.5,1,2,1,9.6
Maize,M1,19.3,9.3,6.1,10,3.9,10,0,2,1,11.3
Maize,M1,21.3,9.5,5.5,11.8,6.3,6,0,2,1,11.5
Maize,M1,19.2,9.8,5.7,9.4,3.7,5,1,2,1,11.8
Maize,M1,22.3,9.8,6.1,12.5,6.4,11,0,2,1,11.8
Maize,M1,19.3,10.5,4.7,8.8,4.1,12.5,0,2,1,12.5
Maize,M1,19,11,5.2,8,2.8,6,0,2,1,13
Maize,M1,22.2,11,5.2,11.2,6,9.5,0,2,1,13
Maize,M1,20.5,11.2,6.1,9.3,3.2,15.1,0,2,1,13.2
Maize,M1,16,11.5,4.2,4.5,0.3,4,0,2,1,13.5
Maize,M1,19.9,11.5,5.4,8.4,3,3,0,2,1,13.5
Maize,M1,21.6,11.6,5.6,10,4.4,10,0,2,1,13.6
Maize,M1,21.1,11.7,4.9,9.4,4.5,7,0,2,1,13.7
Maize,M1,25,11.7,5.4,13.3,7.9,21.5,0,2,1,13.7
Maize,M1,14,11.7,2.3,2.3,0,7.6,0,2,0,14
Maize,M1,22.6,12,5.6,10.6,5,8,0,2,1,14
Maize,M1,20.3,12.3,4.5,8,3.5,6.5,0,2,1,14.3
Maize,M1,22,12.8,4.7,9.2,4.5,18.5,0,2,1,14.8
Maize,M1,14.9,8.6,6.3,6.3,0,12,0,2,0,14.9
Maize,M1,26.5,13.4,6,13.1,7.1,10.5,0,2,1,15.4
Maize,M1,29.4,13.4,5.3,16,10.7,21.5,0,2,1,15.4
Maize,M1,27.5,13.5,5.7,14,8.3,12,0,1,1,15.5
Maize,M1,28.2,14.2,5.8,14,8.2,10,2,1,1,16.2
Maize,M1,26.5,14.4,6.4,12.1,5.7,5.5,1,2,1,16.4
Maize,M1,25.8,14.6,4.6,11.2,6.6,6,0,2,1,16.6
Maize,M1,17.7,12.7,5,5,0,13.5,0,2,0,17.7
Maize,M1,25,16,5.4,9,3.6,5,0,2,1,18
Maize,M1,26.5,16,6.2,10.5,4.3,7.2,0,2,1,18
Maize,M1,31,16.6,4.6,14.4,9.8,15,0,2,1,18.6
Maize,IH2,14.5,4.3,6.1,10.2,4.1,11,4,2,1,6.3
Maize,IH2,11.9,5.2,3.2,6.7,3.5,4.3,0,0,1,7.2
Maize,IH2,19,6.2,8,12.8,4.8,8,3,2,1,8.2
Maize,IH2,16.6,7.6,8.2,9,0.8,5,4,2,1,9.6
Maize,IH2,12.1,7.6,2,4.5,2.5,11.5,1,2,1,9.6
Maize,IH2,18.5,8,6,10.5,4.5,8.5,3,1,1,10
Maize,IH2,20.3,8.5,4.9,11.8,6.9,11.5,0,0,1,10.5
Maize,IH2,17.4,9.3,6.2,8.1,1.9,10.5,0,1,1,11.3
Maize,IH2,11.8,6,5.8,5.8,0,11.7,1,2,0,11.8
Maize,IH2,23.8,9.8,6.8,14,7.2,9.5,4,2,1,11.8
Maize,IH2,12.8,6,6.8,6.8,0,18.5,0,2,0,12.8
Maize,IH2,13.4,5,8.4,8.4,0,12.7,0,2,0,13.4
Maize,IH2,13.8,6.8,7,7,0,11,1,2,0,13.8
Maize,IH2,14,10.2,3.8,3.8,0,5.2,0,0,0,14
Maize,IH2,25.5,12.3,7,13.2,6.2,25.5,2,2,1,14.3
Maize,IH2,15.2,8.1,7.1,7.1,0,8.5,0,1,0,15.2
Maize,IH2,15.8,11,4.8,4.8,0,3,0,2,0,15.8
Maize,IH2,16,7.5,8.5,8.5,0,6,4,2,0,16
Maize,IH2,16.3,6.5,9.8,9.8,0,10.5,5,2,0,16.3
Maize,IH2,16.5,6.6,9.9,9.9,0,9,3,2,0,16.5
Maize,IH2,16.9,8,8.9,8.9,0,19.5,4,2,0,16.9
Maize,IH2,17,10,7,7,0,6.5,0,2,0,17
Maize,IH2,17.6,10.5,7.1,7.1,0,13.5,0,2,0,17.6
Maize,IH2,29.1,15.7,5.2,13.4,8.2,10.5,0,2,1,17.7
Maize,IH2,25.6,18,4.6,7.6,3,5.5,0,1,1,20
Maize,M2,11,4.4,6,6.6,0.6,6,0,2,1,6.4
Maize,M2,9.9,5.5,3,4.4,1.4,4.2,0,2,1,7.5
Maize,M2,7.6,4,3.6,3.6,0,16.5,0,3,0,7.6
Maize,M2,11.5,5.8,4.8,5.7,0.9,7,0,2,1,7.8
Maize,M2,13.9,6.7,5.8,7.2,1.4,5.5,0,2,1,8.7
Maize,M2,18.4,8,6.7,10.4,3.7,7.5,0,2,1,10
Maize,M2,18.4,8,5.9,10.4,4.5,6.1,0,2,1,10
Maize,M2,16,9,6,7,1,8.5,0,2,1,11
Maize,M2,18.1,9,5.1,9.1,4,15.7,2,2,1,11
Maize,M2,19.7,9.2,5,10.5,5.5,7.5,0,2,1,11.2
Maize,M2,17.8,10,5.1,7.8,2.7,9.5,0,2,1,12
Maize,M2,19.2,10,4.7,9.2,4.5,6,0,2,1,12
Maize,M2,18.2,12,5,6.2,1.2,7.5,0,2,1,14
Maize,M2,24.9,12.1,6,12.8,6.8,15,1,2,1,14.1
Maize,M2,22.6,13.5,7.5,9.1,1.6,7,0,2,1,15.5
Maize,M2,22.2,14.5,5.8,7.7,1.9,9.2,0,2,1,16.5
Maize,M2,22.3,15.3,6.6,7,0.4,5.5,0,2,1,17.3
Maize,M2,18,13.1,4.9,4.9,0,4.5,0,2,0,18
Maize,M2,27.5,16,4.7,11.5,6.8,6,0,2,1,18
Maize,M2,18.5,11,7.5,7.5,0,9.5,0,2,0,18.5
Maize,M2,26,17,5.1,9,3.9,8,0,2,1,19
Maize,M2,32.3,17.7,4.9,14.6,9.7,9.5,0,2,1,19.7
Maize,M2,32.2,17.8,6.1,14.4,8.3,5.5,0,2,1,19.8
Maize,IH3,20,6.5,5.3,13.5,8.2,27,2,2,1,8.5
Maize,IH3,20.2,7.2,6.1,13,6.9,10,2,2,1,9.2
Maize,IH3,17,7.8,6.3,9.2,2.9,20.8,0,2,1,9.8
Maize,IH3,18.1,8.1,5.7,10,4.3,14,4,2,1,10.1
Maize,IH3,20.6,8.1,5,12.5,7.5,9.7,2,1,1,10.1
Maize,IH3,17.5,8.5,5.6,9,3.4,7.5,2,3,1,10.5
Maize,IH3,20.6,8.7,7,11.9,4.9,20,3,2,1,10.7
Maize,IH3,23.2,9,6,14.2,8.2,12,1,2,1,11
Maize,IH3,19.7,9.4,7,10.3,3.3,19.7,2,2,1,11.4
Maize,IH3,18,9.5,6.4,8.5,2.1,13.2,2,2,1,11.5
Maize,IH3,26.4,10,4.9,16.4,11.5,9,2,1,1,12
Maize,IH3,16.4,10.5,4.9,5.9,1,10.5,0,2,1,12.5
Maize,IH3,27.3,10.5,6.5,16.8,10.3,29.7,4,2,1,12.5
Maize,IH3,25.2,11,7.5,14.2,6.7,15,2,2,1,13
Maize,IH3,25,11.2,7,13.8,6.8,7.6,2,2,1,13.2
Maize,IH3,21,11.3,4.5,9.7,5.2,10,0,2,1,13.3
Maize,IH3,21.5,11.5,7.5,10,2.5,15.2,0,2,1,13.5
Maize,IH3,20.5,11.5,5.3,9,3.7,33.5,1,3,1,13.5
Maize,IH3,23.9,11.7,6,12.2,6.2,18.5,2,3,1,13.7
Maize,IH3,23.8,12,6,11.8,5.8,10,2,2,1,14
Maize,IH3,27,12,6.5,15,8.5,11.2,3,3,1,14
Maize,IH3,21.2,12.3,7.1,8.9,1.8,8.5,0,2,1,14.3
Maize,IH3,22,12.8,6,9.2,3.2,14,2,3,1,14.8
Maize,IH3,28,13,5.6,15,9.4,12,1,2,1,15
Maize,IH3,25.6,13.1,6,12.5,6.5,12.5,3,2,1,15.1
Maize,IH3,30.3,13.2,5,17.1,12.1,7.5,3,2,1,15.2
Maize,IH3,21.7,14.1,5.3,7.6,2.3,16.5,0,2,1,16.1
Maize,IH3,28.8,14.5,4.9,14.3,9.4,12.3,2,1,1,16.5
Maize,IH3,32.4,14.7,5.5,17.7,12.2,35,4,2,1,16.7
Maize,IH3,31.1,14.9,5.7,16.2,10.5,23.5,1,2,1,16.9
Maize,IH3,28.7,15,5.5,13.7,8.2,7.5,1,2,1,17
Maize,IH3,30.9,15.3,5.5,15.6,10.1,21,2,2,1,17.3
Maize,IH3,30.7,15.5,6.2,15.2,9,32,4,2,1,17.5
Maize,IH3,28.7,15.7,5.1,13,7.9,12.5,0,2,1,17.7
Maize,IH3,31.4,17.3,6,14.1,8.1,19.2,4,2,1,19.3
Maize,IH3,40.7,17.3,4.4,23.4,19,12,1,2,1,19.3
Maize,IH3,35.5,17.5,7.5,18,10.5,11,3,2,1,19.5
Maize,IH3,31.4,17.6,4.8,13.8,9,11,2,2,1,19.6
Maize,IH3,32.7,17.7,5.7,15,9.3,11.7,1,2,1,19.7
Maize,IH3,19.9,14.5,5.4,5.4,0,12,1,2,0,19.9
Maize,IH3,34,21,3.4,13,9.6,13,0,2,1,23
Maize,M3,10.4,8,2.4,2.4,0,26,0,0,0,10.4
Maize,M3,20.6,11.5,5.6,9.1,3.5,16.7,0,0,1,13.5
Maize,M3,16.5,11.7,2.6,4.8,2.2,18.3,0,0,1,13.7
Maize,M3,23.7,12.4,7.1,11.3,4.2,9.5,0,0,1,14.4
Maize,M3,20,13.8,5.2,6.2,1,10,0,0,1,15.8
Maize,M3,27.8,14,5.8,13.8,8,24,0,0,1,16
Maize,M3,22.2,14.2,7,8,1,10,0,0,1,16.2
Maize,M3,23,14.6,6.9,8.4,1.5,15.2,0,0,1,16.6
Maize,M3,18.5,13.5,5,5,0,34.7,0,0,0,18.5
Maize,M3,20,14.8,5.2,5.2,0,30.2,0,0,0,20
Maize,M3,26.6,18.3,5.6,8.3,2.7,13,0,0,1,20.3
Maize,M3,30.6,18.6,4.3,12,7.7,21.5,0,0,1,20.6
Maize,M3,26.6,19,4.9,7.6,2.7,16,0,0,1,21
Maize,M3,21.3,15.2,6.1,6.1,0,13.2,0,0,0,21.3
Maize,M3,36.4,20,6,16.4,10.4,27,0,0,1,22
Maize,M3,31.6,20.1,10,11.5,1.5,31,0,0,1,22.1
Maize,M3,22.3,17.3,5,5,0,30.5,0,0,0,22.3
Maize,M3,22.6,14.5,8.1,8.1,0,26.5,0,0,0,22.6
Maize,M3,23,14.8,8.2,8.2,0,15.1,0,0,0,23
Maize,M3,37.9,21.4,4,16.5,12.5,9.6,0,0,1,23.4
Maize,M3,44,21.6,7.9,22.4,14.5,26.5,0,0,1,23.6
Maize,M3,36.2,21.9,5.8,14.3,8.5,21.5,0,0,1,23.9
Maize,M3,36.4,22,5.7,14.4,8.7,23,0,0,1,24
Maize,M3,24.7,21.3,3.4,3.4,0,24,0,0,0,24.7
Maize,M3,34.6,23.8,8.2,10.8,2.6,21,0,0,1,25.8
Maize,M3,35.1,24,10.6,11.1,0.5,21,0,0,1,26
Maize,M3,33,24,8.4,9,0.6,21,0,0,1,26
Maize,M3,26.4,18,8.4,8.4,0,29,0,0,0,26.4
Maize,M3,35.6,25.5,5.9,10.1,4.2,19,0,0,1,27.5
Maize,M3,43,26.5,7.2,16.5,9.3,7.7,0,0,1,28.5
Maize,M3,29.1,22.5,6.6,6.6,0,19,0,0,0,29.1
Maize,M3,31.3,22.6,8.7,8.7,0,34,0,0,0,31.3
Maize,M3,32.8,25,7.8,7.8,0,9,0,0,0,32.8
Maize,IH4,20.1,4.5,5.2,15.6,10.4,13.4,2,2,1,6.5
Maize,IH4,17.6,6.2,5.4,11.4,6,10.3,3,2,1,8.2
Maize,IH4,8.3,5.4,2.9,2.9,0,17.2,0,2,0,8.3
Maize,IH4,25.3,8.1,9.1,17.2,8.1,12.5,0,2,1,10.1
Maize,IH4,10.9,8.7,2.1,2.2,0.1,4.9,0,1,1,10.7
Maize,IH4,23,8.9,5.8,14.1,8.3,17,2,3,1,10.9
Maize,IH4,22.1,9.1,6.4,13,6.6,15.8,2,2,1,11.1
Maize,IH4,15.7,9.5,5.1,6.2,1.1,9.5,0,1,1,11.5
Maize,IH4,20.3,10,4.4,10.3,5.9,13.5,0,2,1,12
Maize,IH4,27.2,10,7.2,17.2,10,8.5,3,2,1,12
Maize,IH4,18.8,10.3,6.2,8.5,2.3,20.4,2,1,1,12.3
Maize,IH4,20.8,10.4,6.1,10.4,4.3,15.7,0,2,1,12.4
Maize,IH4,15.6,10.5,5,5.1,0.1,17.5,0,3,1,12.5
Maize,IH4,22.3,10.8,6.7,11.5,4.8,7.7,0,1,1,12.8
Maize,IH4,20.2,11.5,4.6,8.7,4.1,12.5,0,2,1,13.5
Maize,IH4,25.4,11.9,6,13.5,7.5,16.5,4,2,1,13.9
Maize,IH4,20.3,12,6,8.3,2.3,8,0,2,1,14
Maize,IH4,23.5,13,6.1,10.5,4.4,29,0,2,1,15
Maize,IH4,27.9,13.2,9.2,14.7,5.5,18.5,2,2,1,15.2
Maize,IH4,28,13.5,9.3,14.5,5.2,12.5,4,4,1,15.5
Maize,IH4,16,10.5,5.5,5.5,0,20,0,1,0,16
Maize,IH4,27.1,14,7.1,13.1,6,23.5,2,3,1,16
Maize,IH4,16.1,9.2,6.9,6.9,0,27.5,0,3,0,16.1
Maize,IH4,16.4,11.5,4.9,4.9,0,15,0,1,0,16.4
Maize,IH4,24,14.5,6.5,9.5,3,11.8,0,2,1,16.5
Maize,IH4,30.2,14.5,6.4,15.7,9.3,24.2,0,2,1,16.5
Maize,IH4,31.4,14.5,6.5,16.9,10.4,8,0,2,1,16.5
Maize,IH4,38.8,15.6,8.5,23.2,14.7,21,1,2,1,17.6
Maize,IH4,30.2,15.7,6.1,14.5,8.4,17,0,0,1,17.7
Maize,IH4,22.8,16,3,6.8,3.8,7.7,0,1,1,18
Maize,IH4,25.4,16.5,6.2,8.9,2.7,29.5,0,2,1,18.5
Maize,IH4,31.4,16.9,6.3,14.5,8.2,14,0,3,1,18.9
Maize,IH4,24.3,17,6.5,7.3,0.8,6,0,2,1,19
Maize,IH4,33.9,17.5,6,16.4,10.4,22,2,2,1,19.5
Maize,IH4,30.1,18,6.9,12.1,5.2,10.1,3,3,1,20
Maize,IH4,32.1,20.1,3.8,12,8.2,12.5,0,1,1,22.1
Maize,IH4,40.1,20.5,7.7,19.6,11.9,8.5,0,4,1,22.5
Maize,IH4,24.4,21.8,2.6,2.6,0,11.5,0,0,0,24.4
Maize,IH4,47.9,22.5,6.3,25.4,19.1,11.5,0,2,1,24.5
Maize,M4,8.5,2,2.7,6.5,3.8,5.6,0,3,1,4
Maize,M4,11.6,2.1,5.1,9.5,4.4,6.5,0,3,1,4.1
Maize,M4,12.7,2.5,4.5,10.2,5.7,9.7,0,0,1,4.5
Maize,M4,11.2,3,7,8.2,1.2,6,0,0,1,5
Maize,M4,12.6,3.1,6,9.5,3.5,21.6,3,2,1,5.1
Maize,M4,14.9,3.5,6.5,11.4,4.9,22.5,4,3,1,5.5
Maize,M4,27.9,4.2,6.4,23.7,17.3,5,2,3,1,6.2
Maize,M4,15.8,4.5,7.1,11.3,4.2,5,2,3,1,6.5
Maize,M4,17,4.5,5.2,12.5,7.3,7.2,4,3,1,6.5
Maize,M4,12.6,4.6,6.2,8,1.8,9,2,3,1,6.6
Maize,M4,19.6,4.6,6.7,15,8.3,18,0,3,1,6.6
Maize,M4,17,4.7,5.6,12.3,6.7,7.4,0,3,1,6.7
Maize,M4,28,5,6.2,23,16.8,5,2,3,1,7
Maize,M4,21.6,5.1,7.5,16.5,9,4,4,2,1,7.1
Maize,M4,30.3,5.2,6.2,25.1,18.9,19.5,4,3,1,7.2
Maize,M4,21.2,5.3,6,15.9,9.9,15.1,3,3,1,7.3
Maize,M4,17.9,5.5,6.3,12.4,6.1,12.5,1,3,1,7.5
Maize,M4,22.1,5.5,7.8,16.6,8.8,25,4,3,1,7.5
Maize,M4,17.4,5.6,8,11.8,3.8,23,3,3,1,7.6
Maize,M4,24.6,5.6,6.6,19,12.4,8,4,3,1,7.6
Maize,M4,31.5,6,5.6,25.5,19.9,14.5,3,3,1,8
Maize,M4,23.1,6.3,6.8,16.8,10,18.5,1,4,1,8.3
Maize,M4,31.8,6.8,7,25,18,7.5,4,3,1,8.8
Maize,M4,10.3,5,5.3,5.3,0,4,0,3,0,10.3
Maize,M4,20.8,8.5,6.8,12.3,5.5,5,4,3,1,10.5
Maize,M4,18.6,8.6,6.5,10,3.5,20,1,3,1,10.6
Maize,M4,20.1,9,5.5,11.1,5.6,23.5,0,3,1,11
Maize,M4,30.2,13.3,6.1,16.9,10.8,7,2,3,1,15.3
Maize,IH5,5.9,3.1,2.8,2.8,0,8.5,0,2,0,5.9
Maize,IH5,13.3,4.8,5.7,8.5,2.8,6.5,1,2,1,6.8
Maize,IH5,12.2,6.5,5.1,5.7,0.6,13.5,0,2,1,8.5
Maize,IH5,9,4.2,4.8,4.8,0,9.5,0,2,0,9
Maize,IH5,9.3,6.3,3,3,0,5.5,0,2,0,9.3
Maize,IH5,16.8,7.5,6.7,9.3,2.6,11,0,2,1,9.5
Maize,IH5,9.6,3.2,6.4,6.4,0,14,0,2,0,9.6
Maize,IH5,15.4,7.6,6.9,7.8,0.9,7.3,1,2,1,9.6
Maize,IH5,17,7.6,3.1,9.4,6.3,9.5,2,1,1,9.6
Maize,IH5,19,8,9.2,11,1.8,21.5,5,2,1,10
Maize,IH5,19.3,9.2,3.9,10.1,6.2,11.8,0,2,1,11.2
Maize,IH5,13.3,9.3,2.5,4,1.5,9.2,0,1,1,11.3
Maize,IH5,15.7,9.5,5.7,6.2,0.5,12,0,2,1,11.5
Maize,IH5,16.7,9.6,4.8,7.1,2.3,9.5,0,2,1,11.6
Maize,IH5,24.5,11.5,7,13,6,6.3,2,2,1,13.5
Maize,IH5,14,6.8,7.2,7.2,0,11.5,0,2,0,14
Maize,IH5,14.5,6,8.5,8.5,0,6,0,2,0,14.5
Maize,IH5,14.8,7.7,7.1,7.1,0,11.5,0,0,0,14.8
Maize,IH5,20.4,13.4,5.9,7,1.1,11,0,2,1,15.4
Maize,IH5,19.9,13.8,5,6.1,1.1,8.5,0,2,1,15.8
Maize,IH5,24.8,14,7.6,10.8,3.2,15,2,4,1,16
Maize,IH5,16.2,8,8.2,8.2,0,7.8,0,2,0,16.2
Maize,IH5,16.5,10,6.5,6.5,0,11.5,0,2,0,16.5
Maize,IH5,20.3,14.5,5.2,5.8,0.6,11.2,0,2,1,16.5
Maize,IH5,21.9,14.7,4.8,7.2,2.4,11.6,0,3,1,16.7
Maize,IH5,17.7,15.3,2.4,2.4,0,4,0,0,0,17.7
Maize,IH5,19.8,16,2.5,3.8,1.3,2.5,0,0,1,18
Maize,M5,19.3,6.3,5.3,13,7.7,13.5,2,0,1,8.3
Maize,M5,20,7.5,5,12.5,7.5,4.7,3,3,1,9.5
Maize,M5,12.6,7.8,2.5,4.8,2.3,7.5,0,2,1,9.8
Maize,M5,21.7,9.9,5.9,11.8,5.9,26.9,1,2,1,11.9
Maize,M5,18.9,10.4,4.7,8.5,3.8,31,0,3,1,12.4
Maize,M5,24.4,10.4,5.8,14,8.2,15,5,2,1,12.4
Maize,M5,22.7,10.5,6.7,12.2,5.5,32.5,2,2,1,12.5
Maize,M5,20.3,11,6.6,9.3,2.7,19.5,0,2,1,13
Maize,M5,23.7,11.2,6.2,12.5,6.3,30,3,4,1,13.2
Maize,M5,23.3,11.5,4.7,11.8,7.1,18.7,0,2,1,13.5
Maize,M5,26.5,12,7.6,14.5,6.9,8.5,2,4,1,14
Maize,M5,25.7,12,6.2,13.7,7.5,35,1,2,1,14
Maize,M5,18,12.2,5.2,5.8,0.6,13,0,4,1,14.2
Maize,M5,25.1,12.5,6.1,12.6,6.5,6.5,2,2,1,14.5
Maize,M5,15.5,10.3,5.2,5.2,0,23.3,0,4,0,15.5
Maize,M5,21.1,14,5.9,7.1,1.2,21.3,0,2,1,16
Maize,M5,23.7,14.5,5.9,9.2,3.3,8.3,1,2,1,16.5
Maize,M5,24.7,14.7,5.1,10,4.9,33,4,2,1,16.7
Maize,M5,21.8,14.9,5.6,6.9,1.3,11.5,3,2,1,16.9
Maize,M5,21.8,15,4.8,6.8,2,23,0,2,1,17
Maize,M5,32.2,15.2,7.4,17,9.6,18,0,4,1,17.2
Maize,M5,17.3,9.7,7.6,7.6,0,10.5,0,2,0,17.3
Maize,M5,17.7,11.2,6.5,6.5,0,23,0,2,0,17.7
Maize,M5,18.2,12,6.2,6.2,0,10.3,0,3,0,18.2
Maize,M5,30.8,19,6.1,11.8,5.7,22,0,2,1,21
Maize,M5,37.5,19,4.2,18.5,14.3,24,0,1,1,21
Maize,M5,21.4,15.3,6.1,6.1,0,23,0,3,0,21.4
Maize,M5,32.2,20,4.8,12.2,7.4,12.2,0,2,1,22
Maize,M5,35.5,21.5,6.4,14,7.6,29,0,2,1,23.5
Maize,IH6,7.9,2.5,4.5,5.4,0.9,11,0,2,1,4.5
Maize,IH6,13,4.1,6.1,8.9,2.8,8.5,4,2,1,6.1
Maize,IH6,13.8,4.5,5.3,9.3,4,7.6,1,2,1,6.5
Maize,IH6,6.6,3.7,2.9,2.9,0,7,0,2,0,6.6
Maize,IH6,13.3,5,6.1,8.3,2.2,5,1,1,1,7
Maize,IH6,12.7,5.5,4.8,7.2,2.4,7.1,0,2,1,7.5
Maize,IH6,16.1,5.7,7.9,10.4,2.5,8.2,0,2,1,7.7
Maize,IH6,8.3,3.5,4.8,4.8,0,7,0,2,0,8.3
Maize,IH6,15.1,6.5,6.5,8.6,2.1,12.3,1,2,1,8.5
Maize,IH6,8.9,3.2,5.7,5.7,0,11,1,2,0,8.9
Maize,IH6,14.8,7,7,7.8,0.8,13.5,2,4,1,9
Maize,IH6,13.2,7.2,2.8,6,3.2,14.5,0,3,1,9.2
Maize,IH6,17,7.2,6.2,9.8,3.6,12,2,2,1,9.2
Maize,IH6,23.6,7.5,5.7,16.1,10.4,10.4,0,2,1,9.5
Maize,IH6,10,3.3,6.7,6.7,0,10.5,0,2,0,10
Maize,IH6,14.6,8.5,5.8,6.1,0.3,15,0,2,1,10.5
Maize,IH6,10.9,5.5,5.4,5.4,0,8.5,0,2,0,10.9
Maize,IH6,18.7,9,7.5,9.7,2.2,21,0,2,1,11
Maize,IH6,17.5,9.1,7.2,8.4,1.2,13.5,1,2,1,11.1
Maize,IH6,11.5,5.2,6.3,6.3,0,16,0,2,0,11.5
Maize,IH6,18.3,9.5,6.8,8.8,2,21.5,0,2,1,11.5
Maize,IH6,11.6,7,4.6,4.6,0,9.5,0,3,0,11.6
Maize,IH6,21,9.7,6.7,11.3,4.6,9.5,2,2,1,11.7
Maize,IH6,20.2,10.1,8,10.1,2.1,13.5,0,2,1,12.1
Maize,IH6,19,10.2,5.7,8.8,3.1,9.2,3,2,1,12.2
Maize,IH6,17.7,10.5,6.2,7.2,1,15.5,0,2,1,12.5
Maize,IH6,12.7,5,7.7,7.7,0,10,0,2,0,12.7
Maize,IH6,23.3,10.7,5,12.6,7.6,29.6,1,2,1,12.7
Maize,IH6,13.2,5.4,7.8,7.8,0,16,0,2,0,13.2
Maize,IH6,13.5,6.5,7,7,0,13.2,3,2,0,13.5
Maize,IH6,14.2,9.2,5,5,0,10,0,2,0,14.2
Maize,IH6,14.6,7.2,7.4,7.4,0,12,4,2,0,14.6
Maize,IH6,15.2,9.8,5.4,5.4,0,14.5,0,4,0,15.2
Maize,IH6,15.6,8,7.6,7.6,0,11.5,0,2,0,15.6
Maize,IH6,22.8,14,6.9,8.8,1.9,12.5,0,2,1,16
Maize,IH6,16.3,6.5,9.8,9.8,0,7,1,2,0,16.3
Maize,IH6,18.9,9,9.9,9.9,0,9,2,2,0,18.9
Maize,IH6,19,8.8,10.2,10.2,0,9.2,3,3,0,19
Maize,M6,6.4,3.8,2.3,2.6,0.3,24.5,0,4,1,5.8
Maize,M6,20.8,5.5,6.4,15.3,8.9,6,3,3,1,7.5
Maize,M6,11.2,5.7,1.8,5.5,3.7,17.1,0,3,1,7.7
Maize,M6,16.5,6,6.3,10.5,4.2,12.3,1,3,1,8
Maize,M6,24.6,7.7,4.9,16.9,12,35.2,3,2,1,9.7
Maize,M6,19.9,8.5,7.9,11.4,3.5,18.5,2,1,1,10.5
Maize,M6,25.9,9.6,5,16.3,11.3,15.5,3,5,1,11.6
Maize,M6,38.6,9.8,5.9,28.8,22.9,3.5,3,2,1,11.8
Maize,M6,32.8,10.1,4.5,22.7,18.2,4.7,2,4,1,12.1
Maize,M6,28.7,10.3,5.4,18.4,13,33.4,2,1,1,12.3
Maize,M6,35.3,11.6,4.8,23.7,18.9,6.4,2,1,1,13.6
Maize,M6,28.5,12.3,4.7,16.2,11.5,18,2,2,1,14.3
Maize,M6,38.8,13.3,5.3,25.5,20.2,29.3,2,2,1,15.3
Maize,M6,42.1,14,4.5,28.1,23.6,13,1,2,1,16
Maize,M6,38.5,14.5,6.5,24,17.5,26,4,2,1,16.5
Maize,M6,39.6,15.1,5,24.5,19.5,21.5,4,2,1,17.1
Maize,IH7,16.2,4.2,7.5,12,4.5,8,1,2,1,6.2
Maize,IH7,7.6,4.3,2.4,3.3,0.9,7.5,0,2,1,6.3
Maize,IH7,11,4.8,5.6,6.2,0.6,7.5,4,2,1,6.8
Maize,IH7,7.5,4.8,2,2.7,0.7,4.7,0,3,1,6.8
Maize,IH7,13.7,5,6.8,8.7,1.9,7.5,2,2,1,7
Maize,IH7,13.5,5,5.2,8.5,3.3,8.5,3,2,1,7
Maize,IH7,7.2,3.5,3.7,3.7,0,9,0,2,0,7.2
Maize,IH7,14,5.5,7.2,8.5,1.3,8.5,0,2,1,7.5
Maize,IH7,14,5.5,6.8,8.5,1.7,7.2,2,2,1,7.5
Maize,IH7,14.3,5.5,7,8.8,1.8,9.5,4,2,1,7.5
Maize,IH7,13.2,6.2,6,7,1,6.7,3,2,1,8.2
Maize,IH7,14.1,6.2,5,7.9,2.9,8.6,0,2,1,8.2
Maize,IH7,13.3,6.5,5,6.8,1.8,9.2,0,2,1,8.5
Maize,IH7,17.4,6.6,6.1,10.8,4.7,7.5,3,2,1,8.6
Maize,IH7,15.2,6.7,5.9,8.5,2.6,4.2,2,2,1,8.7
Maize,IH7,15.9,7,6.9,8.9,2,9.8,2,2,1,9
Maize,IH7,16.2,7,5.7,9.2,3.5,8.5,2,2,1,9
Maize,IH7,18.7,7,6.2,11.7,5.5,8,1,2,1,9
Maize,IH7,16.8,7.3,6.8,9.5,2.7,7,2,3,1,9.3
Maize,IH7,13,7.4,5.1,5.6,0.5,5,0,2,1,9.4
Maize,IH7,14.9,7.5,5,7.4,2.4,9.5,0,2,1,9.5
Maize,IH7,17.4,7.5,5.4,9.9,4.5,14,4,2,1,9.5
Maize,IH7,18.3,7.6,8.8,10.7,1.9,7.5,0,2,1,9.6
Maize,IH7,16.2,8,7.9,8.2,0.3,6.2,2,2,1,10
Maize,IH7,20.1,8,7.5,12.1,4.6,9.1,3,2,1,10
Maize,IH7,10.4,5.2,5.2,5.2,0,6.7,0,2,0,10.4
Maize,IH7,14.5,8.4,5.5,6.1,0.6,8.2,1,2,1,10.4
Maize,IH7,10.5,6.5,4,4,0,8,0,1,0,10.5
Maize,IH7,14.5,8.5,5.6,6,0.4,8.2,1,2,1,10.5
Maize,IH7,11.5,7.5,4,4,0,5,0,2,0,11.5
Maize,IH7,20.3,10.5,6.6,9.8,3.2,6.7,1,1,1,12.5
Maize,IH7,12.6,6.7,5.9,5.9,0,12.5,0,2,0,12.6
Maize,IH7,13.5,8.2,5.3,5.3,0,8,0,2,0,13.5
Maize,IH7,13.7,6,7.7,7.7,0,7,0,2,0,13.7
Maize,IH7,13.8,9.8,4,4,0,8.2,0,2,0,13.8
Maize,IH7,14.7,7,7.7,7.7,0,7,0,2,0,14.7
Maize,IH7,14.8,7.8,7,7,0,5.5,2,2,0,14.8
Maize,IH7,15,8,7,7,0,8.5,0,2,0,15
Maize,IH7,16,10.3,5.7,5.7,0,6,0,2,0,16
Maize,IH7,17,9,8,8,0,3,0,2,0,17
Maize,M7,20.3,4.9,5.4,15.4,10,7.9,3,3,1,6.9
Maize,M7,16.5,5.6,4.6,10.9,6.3,24,2,2,1,7.6
Maize,M7,18.8,6,5.9,12.8,6.9,7.5,4,3,1,8
Maize,M7,19.3,6,5.8,13.3,7.5,16.4,4,4,1,8
Maize,M7,21.5,6.5,4.1,15,10.9,13.3,1,2,1,8.5
Maize,M7,23.1,7,4.5,16.1,11.6,20,3,4,1,9
Maize,M7,27.6,7.5,5.5,20.1,14.6,28,3,4,1,9.5
Maize,M7,31.3,7.8,6.2,23.5,17.3,19.8,3,2,1,9.8
Maize,M7,24.6,8.9,3.2,15.7,12.5,19.2,0,2,1,10.9
Maize,M7,21.3,9.3,4.8,12,7.2,4.8,0,2,1,11.3
Maize,M7,30.2,9.6,4.7,20.6,15.9,10.5,1,2,1,11.6
Maize,M7,32.2,10.4,4.8,21.8,17,20.5,1,1,1,12.4
Maize,M7,31.6,10.7,4.4,20.9,16.5,37.5,4,0,1,12.7
Maize,M7,28.8,10.8,5.4,18,12.6,6.5,4,2,1,12.8
Maize,M7,23.9,11,4.9,12.9,8,19,4,2,1,13
Maize,M7,25.9,11.8,4.8,14.1,9.3,5.3,1,0,1,13.8
Maize,M7,30.2,12.5,4.5,17.7,13.2,13.7,1,1,1,14.5
Maize,M7,39,12.5,4.2,26.5,22.3,28.6,4,2,1,14.5
Maize,M7,40.6,12.5,4.7,28.1,23.4,12.5,0,2,1,14.5
Maize,M7,26,13,3.9,13,9.1,4.6,0,3,1,15
Maize,M7,37.8,13,5.7,24.8,19.1,21,4,2,1,15
Maize,M7,37.9,13,4.1,24.9,20.8,6.5,4,2,1,15
Maize,M7,27.6,13.3,5.7,14.3,8.6,10.7,0,2,1,15.3
Maize,M7,30.3,14,5.1,16.3,11.2,4.6,2,3,1,16
Maize,M7,28.7,14.4,4.9,14.3,9.4,12,3,1,1,16.4
Maize,M7,31.7,15,3.8,16.7,12.9,18,2,2,1,17
Maize,M7,33,16.1,6.1,16.9,10.8,16.2,1,1,1,18.1
Maize,IH8,7.8,3.3,3.7,4.5,0.8,13.5,0,2,1,5.3
Maize,IH8,10.1,5,3.1,5.1,2,6.7,0,2,1,7
Maize,IH8,19,5,7.5,14,6.5,13.2,0,2,1,7
Maize,IH8,14.3,5.1,6.9,9.2,2.3,8.5,1,2,1,7.1
Maize,IH8,12.1,6.5,4.2,5.6,1.4,11.2,0,2,1,8.5
Maize,IH8,16,6.8,7.8,9.2,1.4,8.5,2,2,1,8.8
Maize,IH8,13.1,7,5,6.1,1.1,9,0,2,1,9
Maize,IH8,16.2,7.5,6,8.7,2.7,12,2,2,1,9.5
Maize,IH8,24.2,7.5,5.9,16.7,10.8,6.5,0,2,1,9.5
Maize,IH8,10.2,6,4.2,4.2,0,6,0,2,0,10.2
Maize,IH8,14.2,8.2,4.1,6,1.9,6.5,0,2,1,10.2
Maize,IH8,33.2,8.3,3.7,24.9,21.2,21,4,2,1,10.3
Maize,IH8,10.6,6.5,4.1,4.1,0,26.5,0,2,0,10.6
Maize,IH8,18.4,8.6,6.4,9.8,3.4,5.5,3,2,1,10.6
Maize,IH8,10.8,6,4.8,4.8,0,8.5,0,2,0,10.8
Maize,IH8,21.1,8.8,7.8,12.3,4.5,24.5,3,2,1,10.8
Maize,IH8,11.4,6.5,4.9,4.9,0,19.2,0,2,0,11.4
Maize,IH8,30.4,9.4,6.2,21,14.8,9.5,3,2,1,11.4
Maize,IH8,12.2,7.5,4.7,4.7,0,12,0,2,0,12.2
Maize,IH8,36.7,10.3,4.4,26.4,22,5.4,4,2,1,12.3
Maize,IH8,20,10.8,7,9.2,2.2,11,2,2,1,12.8
Maize,IH8,21.9,11,6.7,10.9,4.2,11.5,3,2,1,13
Maize,IH8,13.4,7.5,5.9,5.9,0,8,1,2,0,13.4
Maize,IH8,20.1,12,7,8.1,1.1,14.2,1,2,1,14
Maize,IH8,19.9,12.2,5.2,7.7,2.5,9,3,2,1,14.2
Maize,IH8,15,8.5,6.5,6.5,0,5.2,0,2,0,15
Maize,IH8,16.4,13.2,2.5,3.2,0.7,6,0,2,1,15.2
Maize,IH8,24.6,13.2,7.2,11.4,4.2,12.5,2,2,1,15.2
Maize,IH8,15.5,11,4.5,4.5,0,6.6,0,2,0,15.5
Maize,IH8,30,13.6,6.4,16.4,10,9,2,2,1,15.6
Maize,IH8,36.8,13.6,5.5,23.2,17.7,26.1,3,2,1,15.6
Maize,IH8,30.6,14.5,5.4,16.1,10.7,11.5,3,2,1,16.5
Maize,IH8,31,15.2,5.1,15.8,10.7,14,0,2,1,17.2
Maize,IH8,26.4,16,5.9,10.4,4.5,10.5,0,2,1,18
Maize,IH8,18.2,11,7.2,7.2,0,15,0,2,0,18.2
Maize,IH8,36.6,20.4,5.4,16.2,10.8,9,0,2,1,22.4
Maize,M8,21.5,4,5.4,17.5,12.1,15.4,3,4,1,6
Maize,M8,12.5,5,3.4,7.5,4.1,20.5,0,3,1,7
Maize,M8,18.4,5.8,6,12.6,6.6,3.5,4,4,1,7.8
Maize,M8,21.2,6.3,4.7,14.9,10.2,25.8,0,4,1,8.3
Maize,M8,21.3,7.1,6.9,14.2,7.3,29.5,4,3,1,9.1
Maize,M8,16.6,7.5,7.1,9.1,2,9.5,0,4,1,9.5
Maize,M8,13.7,7.6,4,6.1,2.1,14.7,0,3,1,9.6
Maize,M8,21.1,7.6,5.8,13.5,7.7,10.7,3,2,1,9.6
Maize,M8,28.7,7.7,7,21,14,16.5,4,2,1,9.7
Maize,M8,28,7.7,5.8,20.3,14.5,16.5,1,3,1,9.7
Maize,M8,29.4,7.8,6.1,21.6,15.5,15.5,3,3,1,9.8
Maize,M8,27.2,7.9,5.4,19.3,13.9,25,0,4,1,9.9
Maize,M8,25.3,8,6,17.3,11.3,25,2,4,1,10
Maize,M8,28.5,8,6.5,20.5,14,11,4,4,1,10
Maize,M8,31.8,8.8,5,23,18,24,4,2,1,10.8
Maize,M8,27.1,9,7.1,18.1,11,25,4,2,1,11
Maize,M8,31.5,9.3,7.7,22.2,14.5,12.5,4,4,1,11.3
Maize,M8,23.9,9.5,6.4,14.4,8,6,2,4,1,11.5
Maize,M8,31.4,9.5,7.1,21.9,14.8,9,4,5,1,11.5
Maize,M8,25.3,10,4.6,15.3,10.7,16,0,4,1,12
Maize,M8,28.2,10.4,5.3,17.8,12.5,15,4,4,1,12.4
Maize,M8,27.7,10.6,5.5,17.1,11.6,6,4,4,1,12.6
Maize,M8,28.5,10.7,6.1,17.8,11.7,15.5,4,2,1,12.7
Maize,M8,29.4,10.9,7.8,18.5,10.7,12,1,0,1,12.9
Maize,M8,30.9,11,4.9,19.9,15,10.7,4,2,1,13
Maize,M8,39.7,11.1,4.8,28.6,23.8,26.2,4,2,1,13.1
Maize,M8,19.9,11.2,3.7,8.7,5,18,0,2,1,13.2
Maize,M8,24.9,12,7.2,12.9,5.7,12.5,3,4,1,14
Maize,M8,36.4,12,5.1,24.4,19.3,16.5,2,3,1,14
Maize,M8,32.3,13.3,6.7,19,12.3,12,2,4,1,15.3
Maize,M8,26.5,14,5.5,12.5,7,28.5,3,3,1,16
Maize,M8,39.8,14.3,6.1,25.5,19.4,32,2,4,1,16.3
Maize,M8,38.3,17.2,6.4,21.1,14.7,7,1,4,1,19.2
Maize,IH9,15,4,6.7,11,4.3,18,0,2,1,6
Maize,IH9,13.2,4.2,5.3,9,3.7,8.2,0,2,1,6.2
Maize,IH9,14,4.5,6.3,9.5,3.2,15.5,1,2,1,6.5
Maize,IH9,14,5,4.5,9,4.5,7.5,1,1,1,7
Maize,IH9,18,5.2,7.1,12.8,5.7,13.6,0,2,1,7.2
Maize,IH9,18.4,6.8,5.1,11.6,6.5,12.5,0,3,1,8.8
Maize,IH9,9.2,5.6,3.6,3.6,0,15.2,0,2,0,9.2
Maize,IH9,19,7.2,7.6,11.8,4.2,19,4,2,1,9.2
Maize,IH9,9.3,6,3.3,3.3,0,6.5,0,2,0,9.3
Maize,IH9,18.9,7.4,4.3,11.5,7.2,17,0,2,1,9.4
Maize,IH9,16.7,7.7,5.4,9,3.6,12.1,3,1,1,9.7
Maize,IH9,10.3,5.8,4.5,4.5,0,9,0,2,0,10.3
Maize,IH9,10.4,5.2,5.2,5.2,0,12.3,0,2,0,10.4
Maize,IH9,17.6,9,5.5,8.6,3.1,10,2,2,1,11
Maize,IH9,17.1,9.6,5.9,7.5,1.6,8.3,0,1,1,11.6
Maize,IH9,19.7,10,5.5,9.7,4.2,9.2,2,2,1,12
Maize,IH9,26.6,10,6.7,16.6,9.9,21.5,0,2,1,12
Maize,IH9,17.6,10.3,5.4,7.3,1.9,12.7,0,2,1,12.3
Maize,IH9,12.6,5,7.6,7.6,0,6.5,0,2,0,12.6
Maize,IH9,13.5,5.8,7.7,7.7,0,7.5,2,2,0,13.5
Maize,IH9,28.4,11.7,3.5,16.7,13.2,9.5,0,2,1,13.7
Maize,IH9,23.2,12.6,7.1,10.6,3.5,14,0,2,1,14.6
Maize,IH9,26.7,13,5.2,13.7,8.5,13,0,2,1,15
Maize,IH9,15.1,6,9.1,9.1,0,13.9,3,2,0,15.1
Maize,IH9,15.1,8.5,6.6,6.6,0,4.6,2,3,0,15.1
Maize,IH9,24.5,13.1,7.5,11.4,3.9,23,2,2,1,15.1
Maize,M9,12.7,3.8,5.4,8.9,3.5,7,1,0,1,5.8
Maize,M9,20,4.9,3.9,15.1,11.2,5.5,2,2,1,6.9
Maize,M9,20.2,6,5.8,14.2,8.4,34.8,4,4,1,8
Maize,M9,29.6,7,5.3,22.6,17.3,6.7,3,3,1,9
Maize,M9,27.8,7.2,5.2,20.6,15.4,12.5,4,4,1,9.2
Maize,M9,29.1,7.3,6.5,21.8,15.3,23,3,4,1,9.3
Maize,M9,28,7.4,6,20.6,14.6,17.5,4,3,1,9.4
Maize,M9,19.2,7.7,4.5,11.5,7,19.4,0,4,1,9.7
Maize,M9,29.1,7.7,5,21.4,16.4,9,2,4,1,9.7
Maize,M9,17.2,8,6.4,9.2,2.8,9,0,1,1,10
Maize,M9,22.7,8,6.1,14.7,8.6,5,0,2,1,10
Maize,M9,26.5,8,4.9,18.5,13.6,25.5,1,2,1,10
Maize,M9,21.1,8.3,5.4,12.8,7.4,8.5,1,2,1,10.3
Maize,M9,21.4,8.5,5.5,12.9,7.4,32.5,2,4,1,10.5
Maize,M9,26.2,8.5,5.3,17.7,12.4,15.5,3,3,1,10.5
Maize,M9,24.5,8.6,6.2,15.9,9.7,2.8,2,2,1,10.6
Maize,M9,23.7,8.8,4.9,14.9,10,3,2,2,1,10.8
Maize,M9,24.7,9.1,5.8,15.6,9.8,8,3,4,1,11.1
Maize,M9,26.8,9.7,5.9,17.1,11.2,33,2,3,1,11.7
Maize,M9,35.3,10,4.6,25.3,20.7,9.2,2,2,1,12
Maize,M9,23,10.3,5.1,12.7,7.6,6.6,0,2,1,12.3
Maize,M9,35.9,10.7,5,25.2,20.2,6,4,4,1,12.7
Maize,M9,24.2,10.8,4.5,13.4,8.9,21.5,0,3,1,12.8
Maize,M9,32.6,11.1,3.9,21.5,17.6,20.5,0,2,1,13.1
Maize,M9,36.6,11.4,4.9,25.2,20.3,12.7,4,3,1,13.4
Maize,M9,31.1,11.8,5.7,19.3,13.6,10.4,1,2,1,13.8
Maize,M9,24.2,11.9,5,12.3,7.3,10,4,3,1,13.9
Maize,M9,29.7,12,5.8,17.7,11.9,13.5,4,2,1,14
Maize,M9,32.6,12.5,5,20.1,15.1,18,2,3,1,14.5
Maize,M9,30.5,13,4.4,17.5,13.1,11.5,0,2,1,15
Maize,M9,28.3,13.2,5.2,15.1,9.9,8.5,4,2,1,15.2
Maize,M9,27.6,13.6,5.5,14,8.5,16.5,0,0,1,15.6
Maize,M9,32.1,15.5,5.1,16.6,11.5,23.5,0,2,1,17.5
Maize,IH10,7.2,3,3.5,4.2,0.7,15.5,0,2,1,5
Maize,IH10,11.6,4.5,5.4,7.1,1.7,7.5,0,2,1,6.5
Maize,IH10,20.8,5.8,5,15,10,11.8,4,3,1,7.8
Maize,IH10,15.1,6.1,5.3,9,3.7,9,2,2,1,8.1
Maize,IH10,17.5,6.4,7.6,11.1,3.5,15.5,2,2,1,8.4
Maize,IH10,14.8,6.4,4.3,8.4,4.1,10,3,2,1,8.4
Maize,IH10,14.6,6.8,6.2,7.8,1.6,32,2,2,1,8.8
Maize,IH10,20,6.8,7.3,13.2,5.9,8.5,5,2,1,8.8
Maize,IH10,19.4,7,7.8,12.4,4.6,15,7,2,1,9
Maize,IH10,25.4,7,7.2,18.4,11.2,27.5,4,2,1,9
Maize,IH10,17.4,7.1,7.8,10.3,2.5,11,4,2,1,9.1
Maize,IH10,21.5,7.5,8,14,6,19,4,3,1,9.5
Maize,IH10,26.2,7.7,7,18.5,11.5,9,5,1,1,9.7
Maize,IH10,23.2,7.8,6,15.4,9.4,12,4,2,1,9.8
Maize,IH10,25.8,7.8,7.2,18,10.8,9,5,3,1,9.8
Maize,IH10,24.4,8.1,6.8,16.3,9.5,8,4,2,1,10.1
Maize,IH10,21.6,8.2,8.2,13.4,5.2,16,1,2,1,10.2
Maize,IH10,17.7,8.5,8.6,9.2,0.6,8.5,7,2,1,10.5
Maize,IH10,28,9.5,5.6,18.5,12.9,9,4,3,1,11.5
Maize,IH10,18.4,9.7,7.3,8.7,1.4,12.1,2,2,1,11.7
Maize,IH10,26.3,9.9,8.6,16.4,7.8,14.4,1,2,1,11.9
Maize,IH10,19.2,10,8,9.2,1.2,21,0,2,1,12
Maize,IH10,27,10,6,17,11,8,2,2,1,12
Maize,IH10,22.6,10.2,5.9,12.4,6.5,9.6,4,2,1,12.2
Maize,IH10,19.8,10.4,7.2,9.4,2.2,11.5,2,2,1,12.4
Maize,IH10,23.9,10.5,10.5,13.4,2.9,24,6,2,1,12.5
Maize,IH10,30.9,10.9,9,20,11,13.7,4,2,1,12.9
Maize,IH10,23,12.2,8,10.8,2.8,19.6,4,2,1,14.2
Maize,IH10,15,10,5,5,0,9.6,0,2,0,15
Maize,IH10,15,8,7,7,0,18,1,3,0,15
Maize,IH10,15.1,6.2,8.9,8.9,0,10,3,2,0,15.1
Maize,IH10,15.9,8,7.9,7.9,0,20.5,0,2,0,15.9
Maize,IH10,30.5,14,5.5,16.5,11,7.8,0,3,1,16
Maize,IH10,36.1,14,5.6,22.1,16.5,13.7,2,2,1,16
Maize,IH10,16.4,8.9,7.5,7.5,0,7.5,0,3,0,16.4
Maize,IH10,36.5,14.5,7.5,22,14.5,11.5,4,2,1,16.5
Maize,IH10,28.2,14.8,6.1,13.4,7.3,25,2,2,1,16.8
Maize,IH10,17,9,8,8,0,8.5,4,1,0,17
Maize,IH10,18.3,10.3,8,8,0,18.2,0,2,0,18.3
Maize,IH10,28.8,16.5,5,12.3,7.3,12.5,0,1,1,18.5
Maize,M10,9,4,3.6,5,1.4,5,0,0,1,6
Maize,M10,13,4,2.8,9,6.2,20.2,0,4,1,6
Maize,M10,16.1,4.7,4.8,11.4,6.6,11,4,3,1,6.7
Maize,M10,9.2,4.8,3.7,4.4,0.7,29,0,2,1,6.8
Maize,M10,13,6.7,2.6,6.3,3.7,10.5,0,0,1,8.7
Maize,M10,22,7,6.3,15,8.7,10.8,2,5,1,9
Maize,M10,20.8,8.7,4.6,12.1,7.5,6.5,2,4,1,10.7
Maize,M10,20.9,10,4.8,10.9,6.1,8.5,0,4,1,12
Maize,M10,14.2,8,6.2,6.2,0,7,4,4,0,14.2
Maize,M10,23.7,14.2,5.7,9.5,3.8,17.5,0,3,1,16.2
Maize,IH11,13.9,4.3,6.3,9.6,3.3,12,4,1,1,6.3
Maize,IH11,16.8,4.6,6.9,12.2,5.3,10.5,0,2,1,6.6
Maize,IH11,19.1,5,8.8,14.1,5.3,7.2,5,3,1,7
Maize,IH11,20.8,5.5,6.3,15.3,9,9.2,3,4,1,7.5
Maize,IH11,19.6,5.6,7.4,14,6.6,13.5,4,2,1,7.6
Maize,IH11,22.7,5.6,5.1,17.1,12,12.5,2,2,1,7.6
Maize,IH11,13.3,5.7,6.7,7.6,0.9,7.5,0,4,1,7.7
Maize,IH11,16.5,6.5,5.8,10,4.2,23.5,4,2,1,8.5
Maize,IH11,20.2,6.5,6.5,13.7,7.2,10,4,2,1,8.5
Maize,IH11,23.4,6.5,7,16.9,9.9,10,4,2,1,8.5
Maize,IH11,22.5,7.3,8.1,15.2,7.1,8,3,2,1,9.3
Maize,IH11,19,8,8.4,11,2.6,14.2,3,2,1,10
Maize,IH11,10.1,6.7,3.4,3.4,0,7.6,0,3,0,10.1
Maize,IH11,17.2,8.4,7.5,8.8,1.3,11.5,4,2,1,10.4
Maize,IH11,17,8.5,6,8.5,2.5,18,1,2,1,10.5
Maize,IH11,20.1,9.2,7.8,10.9,3.1,27.2,2,2,1,11.2
Maize,IH11,21.5,9.2,6.3,12.3,6,7.2,4,2,1,11.2
Maize,IH11,22.3,9.5,7.4,12.8,5.4,12,3,2,1,11.5
Maize,IH11,24,9.6,8,14.4,6.4,8.5,2,2,1,11.6
Maize,IH11,24.5,9.7,7.9,14.8,6.9,18.1,5,2,1,11.7
Maize,IH11,30.6,9.9,8.8,20.7,11.9,31.5,4,4,1,11.9
Maize,IH11,26.6,10,7.9,16.6,8.7,14,4,2,1,12
Maize,IH11,12.1,5,7.1,7.1,0,15,0,2,0,12.1
Maize,IH11,19.6,10.5,8.5,9.1,0.6,12,6,2,1,12.5
Maize,IH11,19.9,10.5,7.4,9.4,2,12.5,4,3,1,12.5
Maize,IH11,24.3,11,7.8,13.3,5.5,9.1,5,2,1,13
Maize,IH11,22.5,11.1,6.7,11.4,4.7,22.3,4,2,1,13.1
Maize,IH11,21.4,11.5,9.2,9.9,0.7,12.3,2,2,1,13.5
Maize,IH11,23.5,12,8.8,11.5,2.7,26.5,4,2,1,14
Maize,IH11,28.9,12.2,7,16.7,9.7,10.5,3,2,1,14.2
Maize,IH11,14.5,8,6.5,6.5,0,11,0,2,0,14.5
Maize,IH11,28,12.5,5.2,15.5,10.3,24.5,1,2,1,14.5
Maize,IH11,25.5,14,7.1,11.5,4.4,21,0,2,1,16
Maize,IH11,16.6,8,8.6,8.6,0,14.3,0,2,0,16.6
Maize,IH11,17.6,9.5,8.1,8.1,0,15,4,2,0,17.6
Maize,IH11,18.1,7.5,10.6,10.6,0,16.5,3,3,0,18.1
Maize,IH11,18.8,8.4,10.4,10.4,0,10,6,3,0,18.8
Maize,IH11,20.4,10.5,9.9,9.9,0,7.5,1,4,0,20.4
Maize,M11,12.4,4.7,6.7,7.7,1,12,0,0,1,6.7
Maize,M11,11.8,5,5,6.8,1.8,19.5,0,2,1,7
Maize,M11,22,5.3,6.8,16.7,9.9,12.5,4,2,1,7.3
Maize,M11,31.7,5.5,6.7,26.2,19.5,25,5,5,1,7.5
Maize,M11,32.5,6,6.3,26.5,20.2,18.5,3,2,1,8
Maize,M11,16.9,6.2,6.5,10.7,4.2,4.5,4,2,1,8.2
Maize,M11,25.5,6.5,5.8,19,13.2,6.5,4,4,1,8.5
Maize,M11,14.5,6.8,3.8,7.7,3.9,14,0,0,1,8.8
Maize,M11,21.2,7,3.6,14.2,10.6,13.5,0,4,1,9
Maize,M11,9.3,4.7,4.6,4.6,0,26.5,0,3,0,9.3
Maize,M11,20.5,7.5,6.5,13,6.5,4.5,0,4,1,9.5
Maize,M11,23.1,7.8,6,15.3,9.3,32,2,2,1,9.8
Maize,M11,21.6,8.2,4.7,13.4,8.7,24.3,0,4,1,10.2
Maize,M11,21.5,8.5,5.5,13,7.5,17,3,3,1,10.5
Maize,M11,23.3,9.6,6.3,13.7,7.4,4.6,4,2,1,11.6
Maize,M11,35.8,10,6.4,25.8,19.4,20.5,0,4,1,12
Maize,M11,22.6,10.6,5,12,7,10.2,0,0,1,12.6
Maize,M11,35,14,5.7,21,15.3,14.5,1,4,1,16
Maize,IH12,15.6,4,5.7,11.6,5.9,8,6,2,1,6
Maize,IH12,14.1,5,7,9.1,2.1,7,2,2,1,7
Maize,IH12,12.3,5.2,6.1,7.1,1,16,4,2,1,7.2
Maize,IH12,17.9,5.3,8,12.6,4.6,20,3,2,1,7.3
Maize,IH12,23.5,5.5,7,18,11,21.5,1,2,1,7.5
Maize,IH12,12.3,6,6.2,6.3,0.1,16.5,0,2,1,8
Maize,IH12,20.6,6.6,8,14,6,17.2,4,2,1,8.6
Maize,IH12,20.7,6.9,6.2,13.8,7.6,10,2,2,1,8.9
Maize,IH12,17.4,7,4.3,10.4,6.1,11.8,0,1,1,9
Maize,IH12,17.1,7.5,6.5,9.6,3.1,24,0,2,1,9.5
Maize,IH12,22.3,7.6,6.4,14.7,8.3,10.2,2,2,1,9.6
Maize,IH12,17.5,7.7,7.1,9.8,2.7,7,4,2,1,9.7
Maize,IH12,23.1,7.7,6.2,15.4,9.2,9.5,4,2,1,9.7
Maize,IH12,20.3,8,7.3,12.3,5,5.5,4,2,1,10
Maize,IH12,18.9,8.1,5.6,10.8,5.2,36,2,3,1,10.1
Maize,IH12,22.2,8.1,4.5,14.1,9.6,7,4,2,1,10.1
Maize,IH12,15,8.3,5.8,6.7,0.9,11.5,0,2,1,10.3
Maize,IH12,18.5,8.8,8.1,9.7,1.6,8,4,2,1,10.8
Maize,IH12,21.2,9.3,8.9,11.9,3,13,2,2,1,11.3
Maize,IH12,20,9.3,7.6,10.7,3.1,24,2,2,1,11.3
Maize,IH12,24.6,9.3,6,15.3,9.3,31,4,2,1,11.3
Maize,IH12,29.4,9.3,6.5,20.1,13.6,10,0,2,1,11.3
Maize,IH12,21.6,9.6,5.8,12,6.2,7.5,2,2,1,11.6
Maize,IH12,19.2,10,7.8,9.2,1.4,15,0,2,1,12
Maize,IH12,20.7,10,6.8,10.7,3.9,8.5,0,2,1,12
Maize,IH12,33.9,10,7,23.9,16.9,13,4,2,1,12
Maize,IH12,27.2,10.1,6.8,17.1,10.3,14,2,2,1,12.1
Maize,IH12,20,10.3,7,9.7,2.7,11.5,0,2,1,12.3
Maize,IH12,30.2,10.3,8.1,19.9,11.8,8,2,2,1,12.3
Maize,IH12,25.8,10.4,6.6,15.4,8.8,18,4,2,1,12.4
Maize,IH12,26,10.4,5.6,15.6,10,11,2,2,1,12.4
Maize,IH12,25.6,11.5,8.1,14.1,6,11.5,0,2,1,13.5
Maize,IH12,23.4,11.7,7,11.7,4.7,18,2,2,1,13.7
Maize,IH12,31.1,12,7,19.1,12.1,15,4,2,1,14
Maize,IH12,32.5,12.1,8,20.4,12.4,11,2,2,1,14.1
Maize,IH12,34.6,12.2,6.6,22.4,15.8,13.3,4,2,1,14.2
Maize,IH12,22.7,12.9,8.2,9.8,1.6,15,4,2,1,14.9
Maize,IH12,24.6,15,4.4,9.6,5.2,7,0,2,1,17
Maize,IH12,17.2,10.4,6.8,6.8,0,20,0,2,0,17.2
Maize,IH12,41.5,15.7,6.1,25.8,19.7,6.5,0,2,1,17.7
Maize,IH12,17.9,9.5,8.4,8.4,0,19,0,1,0,17.9
Maize,IH12,31.8,18.4,4.2,13.4,9.2,17,0,1,1,20.4
Maize,M12,14.5,4.1,5.7,10.4,4.7,15.3,1,0,1,6.1
Maize,M12,24.9,4.3,5,20.6,15.6,5.2,4,4,1,6.3
Maize,M12,19.5,6.4,5.2,13.1,7.9,9,3,0,1,8.4
Maize,M12,22.8,6.6,6.5,16.2,9.7,20,4,3,1,8.6
Maize,M12,35.2,6.7,5.5,28.5,23,11,3,3,1,8.7
Maize,M12,36.4,6.7,4.9,29.7,24.8,13.5,4,4,1,8.7
Maize,M12,18,6.8,7,11.2,4.2,6,3,2,1,8.8
Maize,M12,32.7,7.2,5.9,25.5,19.6,14,5,2,1,9.2
Maize,M12,23.1,7.3,6,15.8,9.8,15.1,3,3,1,9.3
Maize,M12,19.7,7.5,7.5,12.2,4.7,16,5,4,1,9.5
Maize,M12,23,7.6,6.3,15.4,9.1,8.2,2,3,1,9.6
Maize,M12,32.9,7.8,5.2,25.1,19.9,19.1,0,2,1,9.8
Maize,M12,19,8,5.1,11,5.9,17.7,0,4,1,10
Maize,M12,18.3,8.1,4.3,10.2,5.9,4.2,1,0,1,10.1
Maize,M12,35.4,8.4,4.9,27,22.1,14.5,2,3,1,10.4
Maize,M12,16.2,8.7,6.2,7.5,1.3,19.3,0,3,1,10.7
Maize,M12,29.6,9.3,5.7,20.3,14.6,14,3,0,1,11.3
Maize,M12,34,9.3,5.4,24.7,19.3,13.5,1,4,1,11.3
Maize,M12,35.9,9.4,5,26.5,21.5,7.5,0,4,1,11.4
Maize,M12,35.1,10.1,3.8,25,21.2,16,0,4,1,12.1
Maize,M12,29.3,10.4,8.3,18.9,10.6,16,2,3,1,12.4
Maize,M12,30.6,11,6.3,19.6,13.3,10.7,0,4,1,13
Maize,M12,21.9,12.1,5.2,9.8,4.6,9,0,4,1,14.1
Maize,M12,23.2,12.3,5.8,10.9,5.1,7,2,4,1,14.3
Maize,M12,37,12.3,5.1,24.7,19.6,12,2,4,1,14.3
Maize,IH13,15,4.9,6.2,10.1,3.9,9.5,2,2,1,6.9
Maize,IH13,13.5,5,7.1,8.5,1.4,27.5,1,2,1,7
Maize,IH13,13.9,5.2,5.1,8.7,3.6,10,0,2,1,7.2
Maize,IH13,19.6,5.6,7.1,14,6.9,5.5,1,4,1,7.6
Maize,IH13,16.1,6.3,7.1,9.8,2.7,31.2,2,2,1,8.3
Maize,IH13,21.5,6.7,5.1,14.8,9.7,9,2,2,1,8.7
Maize,IH13,14.4,7,6.3,7.4,1.1,13.5,0,2,1,9
Maize,IH13,17,7,7.3,10,2.7,6.5,1,2,1,9
Maize,IH13,30.6,7.4,7.5,23.2,15.7,14,2,2,1,9.4
Maize,IH13,19.6,7.5,7.2,12.1,4.9,15.6,3,2,1,9.5
Maize,IH13,18.1,7.6,6.7,10.5,3.8,34,2,2,1,9.6
Maize,IH13,22.2,7.8,7.2,14.4,7.2,15.5,4,2,1,9.8
Maize,IH13,15.3,7.9,6.5,7.4,0.9,21,0,2,1,9.9
Maize,IH13,20.4,8.2,7.3,12.2,4.9,33.5,4,2,1,10.2
Maize,IH13,23.9,8.4,8.6,15.5,6.9,10,4,2,1,10.4
Maize,IH13,23.7,8.4,5.4,15.3,9.9,10.7,3,2,1,10.4
Maize,IH13,21.1,8.5,7.5,12.6,5.1,8,2,2,1,10.5
Maize,IH13,25.1,8.8,7.4,16.3,8.9,17.5,5,2,1,10.8
Maize,IH13,28.7,8.8,7.7,19.9,12.2,21,3,2,1,10.8
Maize,IH13,24,9,7.4,15,7.6,21.7,4,2,1,11
Maize,IH13,30.1,9.3,7.8,20.8,13,15.5,5,3,1,11.3
Maize,IH13,21.8,9.4,8.5,12.4,3.9,24.6,3,2,1,11.4
Maize,IH13,27.9,9.4,9.1,18.5,9.4,26.5,2,2,1,11.4
Maize,IH13,29.9,9.5,7.7,20.4,12.7,23,3,2,1,11.5
Maize,IH13,31.9,9.5,6.6,22.4,15.8,31.3,1,2,1,11.5
Maize,IH13,22.8,9.7,4.9,13.1,8.2,11,2,2,1,11.7
Maize,IH13,22.6,10,8.5,12.6,4.1,7.5,4,2,1,12
Maize,IH13,31.1,10,8.8,21.1,12.3,18,3,2,1,12
Maize,IH13,26.5,10.1,5.8,16.4,10.6,33.5,3,2,1,12.1
Maize,IH13,12.2,4,8.2,8.2,0,17,0,2,0,12.2
Maize,IH13,18.5,10.6,5.1,7.9,2.8,9.5,0,2,1,12.6
Maize,IH13,30,10.6,7.3,19.4,12.1,9.9,3,2,1,12.6
Maize,IH13,21.4,11,6,10.4,4.4,18,4,0,1,13
Maize,IH13,13.2,6.9,6.3,6.3,0,8,3,2,0,13.2
Maize,IH13,26,11.7,5.7,14.3,8.6,9,2,1,1,13.7
Maize,IH13,28.7,11.8,8.7,16.9,8.2,21.5,3,2,1,13.8
Maize,IH13,34.1,11.9,6.8,22.2,15.4,27.5,3,2,1,13.9
Maize,IH13,24.7,12,7.9,12.7,4.8,15.5,5,2,1,14
Maize,IH13,22.6,13,8.4,9.6,1.2,13.8,1,2,1,15
Maize,IH13,34.4,13.2,7.3,21.2,13.9,25.5,3,2,1,15.2
Maize,IH13,27.7,14,6.4,13.7,7.3,32,4,2,1,16
Maize,IH13,30.3,14.2,6.2,16.1,9.9,18,2,2,1,16.2
Maize,M13,19.1,4.1,5.9,15,9.1,13,4,2,1,6.1
Maize,M13,13.5,4.5,6,9,3,31,4,4,1,6.5
Maize,M13,27.1,4.5,6.7,22.6,15.9,10.2,3,3,1,6.5
Maize,M13,18.1,6,6.5,12.1,5.6,10.9,4,3,1,8
Maize,M13,18.5,6,5.4,12.5,7.1,29,3,3,1,8
Maize,M13,21.4,6.6,6.7,14.8,8.1,15.5,4,2,1,8.6
Maize,M13,30.2,7.4,4.5,22.8,18.3,19.5,3,3,1,9.4
Maize,M13,28,7.6,5.2,20.4,15.2,8,1,2,1,9.6
Maize,M13,31.1,7.7,6.7,23.4,16.7,20,0,4,1,9.7
Maize,M13,24.1,8,6.8,16.1,9.3,27.5,3,3,1,10
Maize,M13,20.9,8.2,5,12.7,7.7,6.5,3,4,1,10.2
Maize,M13,32.2,8.2,6.1,24,17.9,2.2,4,4,1,10.2
Maize,M13,23.6,8.4,5,15.2,10.2,8.5,4,4,1,10.4
Maize,M13,29.2,8.5,5.3,20.7,15.4,10.3,3,2,1,10.5
Maize,M13,20.6,8.8,7.6,11.8,4.2,9.4,3,1,1,10.8
Maize,M13,11,5,6,6,0,31,0,2,0,11
Maize,M13,32.1,9,5.3,23.1,17.8,12.3,2,3,1,11
Maize,M13,26.6,9.3,4.7,17.3,12.6,26,4,3,1,11.3
Maize,M13,25.6,9.6,8.4,16,7.6,38,4,4,1,11.6
Maize,M13,21.2,9.7,5.9,11.5,5.6,20.2,0,2,1,11.7
Maize,M13,31.1,9.8,5.2,21.3,16.1,18.2,4,4,1,11.8
Maize,M13,39.8,9.9,4.2,29.9,25.7,7.5,3,2,1,11.9
Maize,M13,25.4,10.2,7.1,15.2,8.1,22.5,1,4,1,12.2
Maize,M13,25.1,10.7,4.4,14.4,10,8.4,0,2,1,12.7
Maize,M13,29.1,10.7,4.7,18.4,13.7,6.5,0,4,1,12.7
Maize,M13,33.7,11.1,5.4,22.6,17.2,23.1,3,4,1,13.1
Maize,M13,34.8,11.1,5.2,23.7,18.5,27.2,1,4,1,13.1
Maize,M13,38.9,11.5,4.2,27.4,23.2,10,0,4,1,13.5
Maize,M13,22.3,11.6,4.9,10.7,5.8,20.2,0,2,1,13.6
Maize,M13,33,12,6.8,21,14.2,17,0,3,1,14
Maize,M13,29.8,12.4,6.7,17.4,10.7,4.3,3,4,1,14.4
Maize,M13,27.6,13,5.4,14.6,9.2,9,1,4,1,15
Maize,M13,29.2,13.2,5.8,16,10.2,21,4,5,1,15.2
Maize,M13,34.5,18.1,7.1,16.4,9.3,18,2,4,1,20.1
Maize,IH14,14,2.8,6,11.2,5.2,7,2,2,1,4.8
Maize,IH14,21.6,6.4,6.2,15.2,9,6.6,3,3,1,8.4
Maize,IH14,16.2,6.5,7.5,9.7,2.2,12.5,0,2,1,8.5
Maize,IH14,20.3,7,8.2,13.3,5.1,9,4,2,1,9
Maize,IH14,21.3,7,7,14.3,7.3,17.2,0,2,1,9
Maize,IH14,18.1,7.1,6.5,11,4.5,9,3,3,1,9.1
Maize,IH14,23,7.1,7.2,15.9,8.7,8.5,1,2,1,9.1
Maize,IH14,20.9,7.6,7.8,13.3,5.5,9,2,2,1,9.6
Maize,IH14,9.7,4.7,5,5,0,23,0,2,0,9.7
Maize,IH14,26.5,7.8,7.7,18.7,11,11.5,2,2,1,9.8
Maize,IH14,17,8.5,7.1,8.5,1.4,14.5,0,2,1,10.5
Maize,IH14,25.8,8.8,8.1,17,8.9,19.2,2,2,1,10.8
Maize,IH14,19.3,9.5,7.4,9.8,2.4,14.5,1,2,1,11.5
Maize,IH14,18.6,9.5,5.9,9.1,3.2,9,0,2,1,11.5
Maize,IH14,20.7,10.2,7.9,10.5,2.6,12,4,2,1,12.2
Maize,IH14,23.9,10.5,6.3,13.4,7.1,9.2,3,2,1,12.5
Maize,IH14,33.7,10.5,7.1,23.2,16.1,28,4,2,1,12.5
Maize,IH14,31.6,10.6,6.6,21,14.4,26.5,6,3,1,12.6
Maize,IH14,21.3,10.7,7.7,10.6,2.9,7.5,0,2,1,12.7
Maize,IH14,23.7,11.5,6.9,12.2,5.3,13,2,2,1,13.5
Maize,IH14,27.9,11.8,7,16.1,9.1,27,4,3,1,13.8
Maize,IH14,36.5,11.8,6.2,24.7,18.5,13.3,7,2,1,13.8
Maize,IH14,38.5,12.3,7.9,26.2,18.3,20,4,2,1,14.3
Maize,IH14,14.5,7.5,7,7,0,8.3,0,1,0,14.5
Maize,IH14,28.5,12.5,5.2,16,10.8,7,4,2,1,14.5
Maize,IH14,34,12.5,8.6,21.5,12.9,9.5,3,2,1,14.5
Maize,IH14,26.2,12.6,6,13.6,7.6,9.5,3,2,1,14.6
Maize,IH14,28.4,12.8,6.6,15.6,9,7.5,1,2,1,14.8
Maize,IH14,20.3,13,7.1,7.3,0.2,16.5,1,2,1,15
Maize,IH14,29.8,13.2,6,16.6,10.6,14,1,2,1,15.2
Maize,IH14,15.5,8,7.5,7.5,0,8,1,2,0,15.5
Maize,IH14,27.6,13.8,6.1,13.8,7.7,11.5,3,2,1,15.8
Maize,IH14,29.3,14.8,6.9,14.5,7.6,11.5,1,2,1,16.8
Maize,IH14,18.1,11,7.1,7.1,0,9.7,0,2,0,18.1
Maize,IH14,35,16.1,6.4,18.9,12.5,16.4,2,2,1,18.1
Maize,IH14,23.7,16.5,6.4,7.2,0.8,15,0,2,1,18.5
Maize,M14,14.9,2.8,6,12.1,6.1,10.5,3,2,1,4.8
Maize,M14,24.3,4.5,7.6,19.8,12.2,10.5,3,2,1,6.5
Maize,M14,11.4,4.7,6.5,6.7,0.2,29.7,0,2,1,6.7
Maize,M14,18.2,5.4,5.2,12.8,7.6,18,2,4,1,7.4
Maize,M14,16.5,5.6,6.9,10.9,4,36,0,3,1,7.6
Maize,M14,19.7,6.2,7.2,13.5,6.3,13,4,3,1,8.2
Maize,M14,21.9,6.2,8,15.7,7.7,28.4,1,2,1,8.2
Maize,M14,25.7,6.2,7.4,19.5,12.1,7,2,2,1,8.2
Maize,M14,22.9,6.3,6.2,16.6,10.4,9,3,4,1,8.3
Maize,M14,14,6.5,6.6,7.5,0.9,12.5,0,2,1,8.5
Maize,M14,18.1,6.7,7,11.4,4.4,14,0,3,1,8.7
Maize,M14,17.1,6.8,5,10.3,5.3,23.7,0,2,1,8.8
Maize,M14,24.4,6.8,5.5,17.6,12.1,21,3,2,1,8.8
Maize,M14,20.1,7.1,7,13,6,11,3,2,1,9.1
Maize,M14,18.2,7.2,7.7,11,3.3,5.1,0,3,1,9.2
Maize,M14,33.7,8.1,5,25.6,20.6,24.5,2,2,1,10.1
Maize,M14,20.6,8.2,5.3,12.4,7.1,8.6,3,3,1,10.2
Maize,M14,28,8.3,6.5,19.7,13.2,14,4,2,1,10.3
Maize,M14,17.4,8.6,8.3,8.8,0.5,23.1,0,2,1,10.6
Maize,M14,20,8.7,8.3,11.3,3,28.5,2,2,1,10.7
Maize,M14,17.3,8.8,7.9,8.5,0.6,25.5,0,2,1,10.8
Maize,M14,26.3,9.4,5.7,16.9,11.2,6.5,2,3,1,11.4
Maize,M14,11.9,4.7,7.2,7.2,0,15.5,0,3,0,11.9
Maize,M14,23.9,11.1,6.9,12.8,5.9,5.8,0,3,1,13.1
Maize,M14,32.8,12.4,5.5,20.4,14.9,11,0,3,1,14.4
Maize,M14,31.3,13.1,5.4,18.2,12.8,15.2,2,2,1,15.1
Maize,M14,25.5,13.6,7.5,11.9,4.4,31.5,0,3,1,15.6
Maize,M14,15.9,8.3,7.6,7.6,0,12.5,0,1,0,15.9
Maize,M14,16.8,7.8,9,9,0,35.8,0,3,0,16.8
Maize,M14,34.1,15.3,5.6,18.8,13.2,23.5,0,4,1,17.3
Maize,M14,19.1,11.5,7.6,7.6,0,27,0,2,0,19.1
Maize,IH15,13.5,2.3,5.6,11.2,5.6,8.3,4,2,1,4.3
Maize,IH15,15.2,4.7,7.7,10.5,2.8,7.8,5,2,1,6.7
Maize,IH15,7.2,3.6,3.6,3.6,0,7.8,0,2,0,7.2
Maize,IH15,18,6.8,5.7,11.2,5.5,7.5,0,2,1,8.8
Maize,IH15,26.7,7,6.1,19.7,13.6,7.6,2,2,1,9
Maize,IH15,20.3,7.5,6.9,12.8,5.9,12,4,2,1,9.5
Maize,IH15,24.1,7.5,7.7,16.6,8.9,8,3,2,1,9.5
Maize,IH15,25.1,7.6,5.4,17.5,12.1,6.2,4,2,1,9.6
Maize,IH15,17.8,7.8,6.3,10,3.7,7,3,2,1,9.8
Maize,IH15,27.8,8.3,7.5,19.5,12,14,3,2,1,10.3
Maize,IH15,22,9.2,7.2,12.8,5.6,9,4,2,1,11.2
Maize,IH15,20.2,9.4,6.5,10.8,4.3,5.2,2,2,1,11.4
Maize,IH15,22.9,9.5,5.8,13.4,7.6,28.5,0,1,1,11.5
Maize,IH15,11.6,6.7,4.9,4.9,0,27,0,2,0,11.6
Maize,IH15,21.6,9.7,6.9,11.9,5,8.5,4,2,1,11.7
Maize,IH15,22.8,10.1,7.4,12.7,5.3,7.5,2,1,1,12.1
Maize,IH15,22.5,10.1,7,12.4,5.4,17.2,3,1,1,12.1
Maize,IH15,26.7,10.2,6.5,16.5,10,9.1,1,2,1,12.2
Maize,IH15,31.1,10.7,5.9,20.4,14.5,9.5,4,2,1,12.7
Maize,IH15,23.5,11.1,6.5,12.4,5.9,8.5,4,2,1,13.1
Maize,IH15,20.8,11.3,8.2,9.5,1.3,11,1,2,1,13.3
Maize,IH15,21.2,11.9,6.5,9.3,2.8,7.7,0,2,1,13.9
Maize,IH15,19.5,12,4.4,7.5,3.1,7.6,0,1,1,14
Maize,IH15,31.5,12.2,6.6,19.3,12.7,10,1,2,1,14.2
Maize,IH15,24.5,12.3,5.7,12.2,6.5,15.7,3,2,1,14.3
Maize,IH15,20.3,13,6.8,7.3,0.5,5.7,1,1,1,15
Maize,IH15,21.1,13,6.7,8.1,1.4,12.2,3,2,1,15
Maize,IH15,25.4,13.6,5.7,11.8,6.1,10.4,2,2,1,15.6
Maize,IH15,26,14,7.1,12,4.9,16.2,3,1,1,16
Maize,IH15,24.1,15,6.7,9.1,2.4,10,2,2,1,17
Maize,IH15,29.6,15.3,5.6,14.3,8.7,10.8,2,2,1,17.3
Maize,IH15,29.4,17.2,5.8,12.2,6.4,13.2,0,2,1,19.2
Maize,IH15,32.7,19.3,5.6,13.4,7.8,13,0,2,1,21.3
Maize,M15,16,3.4,7.9,12.6,4.7,5,2,3,1,5.4
Maize,M15,14.3,5.1,7,9.2,2.2,6.5,0,2,1,7.1
Maize,M15,22.6,5.2,8.9,17.4,8.5,32.2,4,2,1,7.2
Maize,M15,22.8,6,4.7,16.8,12.1,22.5,4,6,1,8
Maize,M15,13.6,6.4,6.7,7.2,0.5,24.2,1,3,1,8.4
Maize,M15,17.4,6.4,6.8,11,4.2,41,2,2,1,8.4
Maize,M15,14.6,6.5,3.1,8.1,5,6,0,2,1,8.5
Maize,M15,24.6,6.8,6.7,17.8,11.1,30.7,0,2,1,8.8
Maize,M15,9.5,3.6,5.9,5.9,0,13,0,3,0,9.5
Maize,M15,17.7,7.5,5.2,10.2,5,13,0,2,1,9.5
Maize,M15,21.6,7.5,6.1,14.1,8,11.5,0,3,1,9.5
Maize,M15,24.3,7.5,5.2,16.8,11.6,28,4,4,1,9.5
Maize,M15,17.5,7.7,6.6,9.8,3.2,40.5,2,5,1,9.7
Maize,M15,19.8,7.7,6.1,12.1,6,35.2,1,2,1,9.7
Maize,M15,25.8,8,5.8,17.8,12,21.5,0,2,1,10
Maize,M15,18.7,8.4,7.2,10.3,3.1,13.5,0,2,1,10.4
Maize,M15,26,8.5,7.6,17.5,9.9,5.6,4,3,1,10.5
Maize,M15,31.9,10,6.9,21.9,15,5.8,4,2,1,12
Maize,M15,32.9,10,7.8,22.9,15.1,9.2,4,2,1,12
Maize,M15,20,10.6,7.2,9.4,2.2,20,1,2,1,12.6
Maize,M15,26.2,10.6,6.5,15.6,9.1,16.5,2,3,1,12.6
Maize,M15,29.7,11,7,18.7,11.7,13.5,0,3,1,13
Maize,M15,25.7,12.5,6.5,13.2,6.7,12.5,4,1,1,14.5
Maize,M15,34.2,12.8,5.6,21.4,15.8,28.5,3,2,1,14.8
Maize,M15,29.5,13.5,7.3,16,8.7,30.5,0,2,1,15.5
Maize,M15,15.6,7.5,8.1,8.1,0,6,0,2,0,15.6
Maize,M15,18,9,9,9,0,29.6,0,1,0,18
Maize,M15,19.3,11,8.3,8.3,0,22,0,4,0,19.3
Maize,IH16,6.2,5,1.2,1.2,0,12,0,2,0,6.2
Maize,IH16,12.7,9.2,3.5,3.5,0,5.7,0,2,0,12.7
Maize,IH16,19.2,10.8,4.6,8.4,3.8,20,0,2,1,12.8
Maize,IH16,15.9,12.5,3.2,3.4,0.2,8,0,1,1,14.5
Maize,IH16,19.5,14.5,4.2,5,0.8,8.5,0,2,1,16.5
Maize,IH16,32.2,15.3,5.2,16.9,11.7,27.5,3,2,1,17.3
Maize,IH16,23.4,15.4,5.5,8,2.5,15.5,0,2,1,17.4
Maize,IH16,26,16,6.2,10,3.8,8.5,0,1,1,18
Maize,IH16,18.9,14.8,4.1,4.1,0,18,0,2,0,18.9
Maize,IH16,29.9,17,5.3,12.9,7.6,10,0,2,1,19
Maize,IH16,19.4,15,4.4,4.4,0,30,0,2,0,19.4
Maize,IH16,37,17.5,5,19.5,14.5,10,0,1,1,19.5
Maize,IH16,30.6,18.1,6.6,12.5,5.9,32.6,0,2,1,20.1
Maize,IH16,20.5,14,6.5,6.5,0,7,0,1,0,20.5
Maize,IH16,24,18.5,4.2,5.5,1.3,13,0,2,1,20.5
Maize,IH16,28.5,18.5,6,10,4,16,0,2,1,20.5
Maize,IH16,42.2,18.5,4.4,23.7,19.3,19.6,0,2,1,20.5
Maize,IH16,20.7,15.5,5.2,5.2,0,4,0,2,0,20.7
Maize,IH16,37,19.9,5,17.1,12.1,7,0,2,1,21.9
Maize,IH16,22.5,16.5,6,6,0,11,0,1,0,22.5
Maize,IH16,33.1,20.6,5.7,12.5,6.8,30.5,0,2,1,22.6
Maize,IH16,43.9,20.9,4.8,23,18.2,21,0,1,1,22.9
Maize,IH16,26.3,21,3.8,5.3,1.5,7.7,0,2,1,23
Maize,IH16,42.1,21.4,5.6,20.7,15.1,17.5,0,2,1,23.4
Maize,IH16,53.5,21.5,5.4,32,26.6,5.5,0,0,1,23.5
Maize,IH16,26.8,21.6,4.2,5.2,1,5.5,0,2,1,23.6
Maize,IH16,41,21.7,2.1,19.3,17.2,6.8,0,2,1,23.7
Maize,IH16,36.8,21.9,3.6,14.9,11.3,8,0,1,1,23.9
Maize,IH16,47.7,22.4,4.6,25.3,20.7,12,0,2,1,24.4
Maize,IH16,42.4,23.9,6.2,18.5,12.3,7,0,2,1,25.9
Maize,IH16,34.5,24.5,5,10,5,12.5,0,2,1,26.5
Maize,IH16,44.5,24.5,6.8,20,13.2,22,0,2,1,26.5
Maize,IH16,37.1,26,4.4,11.1,6.7,5,0,1,1,28
Maize,M16,19.2,4,5.7,15.2,9.5,18.5,1,4,1,6
Maize,M16,11,4.3,3.9,6.7,2.8,31,0,3,1,6.3
Maize,M16,15.1,5.6,6.1,9.5,3.4,9.5,0,2,1,7.6
Maize,M16,25.2,5.7,6.5,19.5,13,25.2,2,4,1,7.7
Maize,M16,12.8,7,4.7,5.8,1.1,7.5,2,2,1,9
Maize,M16,23.2,7.1,6.8,16.1,9.3,7.5,2,2,1,9.1
Maize,M16,14.7,7.7,5.9,7,1.1,12,2,2,1,9.7
Maize,M16,19,8.5,5.2,10.5,5.3,25,0,3,1,10.5
Maize,M16,21,9.3,8.2,11.7,3.5,25.5,3,4,1,11.3
Maize,M16,28,9.3,8.7,18.7,10,25.2,5,6,1,11.3
Maize,M16,21.2,10,7,11.2,4.2,19.8,0,3,1,12
Maize,M16,25.5,10,7.3,15.5,8.2,13.2,2,2,1,12
Maize,M16,12.7,5.1,7.6,7.6,0,29,1,4,0,12.7
Maize,M16,12.9,5.7,7.2,7.2,0,11.2,1,2,0,12.9
Maize,M16,13.1,6.1,7,7,0,23.2,0,2,0,13.1
Maize,M16,27.5,12,8.3,15.5,7.2,30.2,3,2,1,14
Maize,M16,19.9,12.8,6,7.1,1.1,9.5,0,2,1,14.8
Maize,M16,28.8,13,7.2,15.8,8.6,28.6,1,2,1,15
Maize,M16,15.2,10.5,4.7,4.7,0,19.5,0,2,0,15.2
Maize,M16,15.4,6.5,8.9,8.9,0,35,0,3,0,15.4
Maize,M16,28.1,13.8,6.5,14.3,7.8,16.5,2,2,1,15.8
Maize,M16,37.2,13.8,6.1,23.4,17.3,6,5,5,1,15.8
Maize,M16,22.2,14,5.6,8.2,2.6,29.2,2,2,1,16
Maize,M16,17.1,9,8.1,8.1,0,6,0,2,0,17.1
Maize,M16,28.6,15.1,5.1,13.5,8.4,20,0,2,1,17.1
Maize,M16,31.4,16.6,6.5,14.8,8.3,29.5,2,2,1,18.6
Maize,M16,19,10.1,8.9,8.9,0,24.3,3,2,0,19
Maize,IH17,12.7,6,6.6,6.7,0.1,9.8,0,2,1,8
Maize,IH17,13.5,6.5,3.7,7,3.3,13,0,2,1,8.5
Maize,IH17,14.5,6.5,4.1,8,3.9,17.2,0,2,1,8.5
Maize,IH17,15.2,6.7,4.8,8.5,3.7,12.7,0,2,1,8.7
Maize,IH17,13.7,7.2,3.8,6.5,2.7,4.6,1,2,1,9.2
Maize,IH17,14.1,7.7,3.5,6.4,2.9,4,0,2,1,9.7
Maize,IH17,13,8,4,5,1,3.6,0,2,1,10
Maize,IH17,16.7,8.2,4.4,8.5,4.1,4.7,1,2,1,10.2
Maize,IH17,18.9,8.6,5,10.3,5.3,10.3,1,2,1,10.6
Maize,IH17,17.3,8.8,3.2,8.5,5.3,5.5,0,2,1,10.8
Maize,IH17,19.1,9.3,3.8,9.8,6,11.3,2,2,1,11.3
Maize,IH17,14.5,9.5,4.3,5,0.7,9,0,2,1,11.5
Maize,IH17,16.1,9.5,3.9,6.6,2.7,7.7,3,2,1,11.5
Maize,IH17,24.5,9.7,3.1,14.8,11.7,8.7,4,2,1,11.7
Maize,IH17,11.9,8.1,3.8,3.8,0,8,1,2,0,11.9
Maize,IH17,19,10,4.9,9,4.1,8.5,0,2,1,12
Maize,IH17,21.2,10.2,5,11,6,13.3,0,2,1,12.2
Maize,IH17,16,10.5,3.7,5.5,1.8,14,0,2,1,12.5
Maize,IH17,18.5,10.7,4.3,7.8,3.5,7.6,3,2,1,12.7
Maize,IH17,17.5,11,3.8,6.5,2.7,14,0,2,1,13
Maize,IH17,18.8,11,4.4,7.8,3.4,9.1,0,2,1,13
Maize,IH17,14.9,11.3,2.8,3.6,0.8,10,0,2,1,13.3
Maize,IH17,18.3,11.5,4.2,6.8,2.6,15.2,0,2,1,13.5
Maize,IH17,21.4,11.5,2.8,9.9,7.1,9.7,0,2,1,13.5
Maize,IH17,18.2,11.7,4.7,6.5,1.8,5.5,0,2,1,13.7
Maize,IH17,18.8,11.8,5.4,7,1.6,19.5,0,2,1,13.8
Maize,IH17,20.2,11.9,3.1,8.3,5.2,5,1,2,1,13.9
Maize,IH17,20.5,12.1,3.3,8.4,5.1,5,0,2,1,14.1
Maize,IH17,22,12.5,4.5,9.5,5,14,0,2,1,14.5
Maize,IH17,17.7,12.7,2.3,5,2.7,14.5,0,1,1,14.7
Maize,IH17,21.7,12.7,4.5,9,4.5,5.5,2,2,1,14.7
Maize,IH17,23.6,12.9,4.8,10.7,5.9,5.5,0,2,1,14.9
Maize,IH17,22.2,13.7,4.1,8.5,4.4,15.5,0,2,1,15.7
Maize,IH17,25.5,14.4,3.8,11.1,7.3,10,3,2,1,16.4
Maize,IH17,30.9,14.5,4.3,16.4,12.1,18.5,4,2,1,16.5
Maize,IH17,33,17,6,16,10,7,0,2,1,19
Maize,M17,6.3,3.5,2.8,2.8,0,12,0,3,0,6.3
Maize,M17,14.6,6.5,4.1,8.1,4,6,1,4,1,8.5
Maize,M17,25.7,7.8,4.4,17.9,13.5,9,2,2,1,9.8
Maize,M17,23.2,8.2,6.5,15,8.5,26,2,2,1,10.2
Maize,M17,14.8,8.6,3.8,6.2,2.4,22.5,0,0,1,10.6
Maize,M17,15.5,8.7,5.7,6.8,1.1,11.2,0,4,1,10.7
Maize,M17,23.8,9.1,7.9,14.7,6.8,21,1,3,1,11.1
Maize,M17,16,9.5,6,6.5,0.5,14.5,0,2,1,11.5
Maize,M17,28,9.8,6.7,18.2,11.5,25.1,3,2,1,11.8
Maize,M17,21.6,10.3,6.2,11.3,5.1,30,1,2,1,12.3
Maize,M17,21.4,11.2,9.7,10.2,0.5,17.5,0,2,1,13.2
Maize,M17,18.6,11.7,5.3,6.9,1.6,32,0,2,1,13.7
Maize,M17,19.7,12.3,5,7.4,2.4,6.2,0,3,1,14.3
Maize,M17,14.6,8.6,6,6,0,31,0,2,0,14.6
Maize,M17,21,12.8,6.3,8.2,1.9,7.8,0,2,1,14.8
Maize,M17,22.6,13,5,9.6,4.6,12,0,3,1,15
Maize,M17,23.1,13,5.4,10.1,4.7,10,0,2,1,15
Maize,M17,25.8,13.2,5.6,12.6,7,27.5,0,2,1,15.2
Maize,M17,30.5,13.2,7,17.3,10.3,13.2,4,2,1,15.2
Maize,M17,26.7,13.8,6.1,12.9,6.8,21,1,2,1,15.8
Maize,M17,21.9,14.5,5.8,7.4,1.6,35,0,2,1,16.5
Maize,M17,24.6,14.5,8.1,10.1,2,18,1,3,1,16.5
Maize,M17,26.2,15.3,5.1,10.9,5.8,14.3,3,2,1,17.3
Maize,M17,18.2,10,8.2,8.2,0,10.5,0,1,0,18.2
Maize,M17,29.3,17.7,2.5,11.6,9.1,8,0,1,1,19.7
Maize,M17,31.8,18.8,6.8,13,6.2,21.5,0,2,1,20.8
Maize,M17,33.5,19.2,7.2,14.3,7.1,13.2,1,2,1,21.2
Maize,M17,34.2,19.5,8.1,14.7,6.6,35,0,4,1,21.5
Maize,M17,30.1,20,6.8,10.1,3.3,35.6,0,2,1,22
Maize,M17,41.6,20.6,5.7,21,15.3,35.5,0,4,1,22.6
Maize,IH18,10.9,5.1,4.5,5.8,1.3,25,0,2,1,7.1
Maize,IH18,20.2,6.9,6.1,13.3,7.2,13,3,2,1,8.9
Maize,IH18,13.2,7.5,4.5,5.7,1.2,7,0,2,1,9.5
Maize,IH18,20.3,7.5,6.6,12.8,6.2,14.2,3,2,1,9.5
Maize,IH18,17.9,8.7,5.1,9.2,4.1,13.7,0,2,1,10.7
Maize,IH18,19.1,9,6.3,10.1,3.8,9.8,1,2,1,11
Maize,IH18,15.9,9.4,3.1,6.5,3.4,8,0,2,1,11.4
Maize,IH18,35.4,10,5.4,25.4,20,10,1,2,1,12
Maize,IH18,18.5,10.3,6.7,8.2,1.5,8,2,4,1,12.3
Maize,IH18,22.2,10.3,6.5,11.9,5.4,6.5,0,2,1,12.3
Maize,IH18,24.5,11.3,6.2,13.2,7,20.5,0,2,1,13.3
Maize,IH18,17.7,11.5,5.6,6.2,0.6,11,0,2,1,13.5
Maize,IH18,18.3,12,5.8,6.3,0.5,25.7,0,2,1,14
Maize,IH18,20.4,12.5,7,7.9,0.9,22.5,0,2,1,14.5
Maize,IH18,40.8,12.5,6.2,28.3,22.1,8.3,1,2,1,14.5
Maize,IH18,14.9,7.5,7.4,7.4,0,25.7,0,2,0,14.9
Maize,IH18,28.7,12.9,5.5,15.8,10.3,5.5,2,2,1,14.9
Maize,IH18,15,9,6,6,0,19.5,0,3,0,15
Maize,IH18,22,14.5,6.3,7.5,1.2,9.3,0,2,1,16.5
Maize,IH18,27.8,15,6.7,12.8,6.1,18.7,1,2,1,17
Maize,IH18,23,15.3,3.2,7.7,4.5,8,0,2,1,17.3
Maize,IH18,23.9,16,5.1,7.9,2.8,5.6,0,2,1,18
Maize,IH18,18.1,11.1,7,7,0,15,0,2,0,18.1
Maize,IH18,18.4,9,9.4,9.4,0,14.5,0,3,0,18.4
Maize,IH18,19.5,12,7.5,7.5,0,10.5,0,2,0,19.5
Maize,IH18,19.6,13.2,6.4,6.4,0,8,0,4,0,19.6
Maize,IH18,20,13,7,7,0,13,0,2,0,20
Maize,IH18,20.2,11,9.2,9.2,0,8.2,1,3,0,20.2
Maize,IH18,22.4,14.7,7.7,7.7,0,27,0,2,0,22.4
Maize,IH18,24.8,18.3,6.5,6.5,0,12.6,0,1,0,24.8
Maize,M18,14.2,6,4,8.2,4.2,29,1,3,1,8
Maize,M18,16.6,6.6,6.6,10,3.4,24.5,0,2,1,8.6
Maize,M18,14.3,7.2,7,7.1,0.1,7.5,0,3,1,9.2
Maize,M18,23.2,8,5.6,15.2,9.6,26,0,2,1,10
Maize,M18,15.4,8.3,6.9,7.1,0.2,12,0,2,1,10.3
Maize,M18,24.6,9,6.9,15.6,8.7,5.5,4,2,1,11
Maize,M18,18.4,9.2,6.5,9.2,2.7,26.5,3,2,1,11.2
Maize,M18,28.3,9.2,5.8,19.1,13.3,3.8,0,2,1,11.2
Maize,M18,21.3,9.3,7.3,12,4.7,9,1,2,1,11.3
Maize,M18,28,9.8,6.7,18.2,11.5,14,0,4,1,11.8
Maize,M18,32.3,10.5,7.6,21.8,14.2,19.5,4,2,1,12.5
Maize,M18,18.6,11,5.9,7.6,1.7,25,0,2,1,13
Maize,M18,23.6,11,9.1,12.6,3.5,7.5,3,2,1,13
Maize,M18,19.8,11.6,7.4,8.2,0.8,12.2,3,2,1,13.6
Maize,M18,24.6,11.8,4.5,12.8,8.3,10,0,2,1,13.8
Maize,M18,14.3,8.1,6.2,6.2,0,13,0,3,0,14.3
Maize,M18,27.8,12.5,6.5,15.3,8.8,22.2,2,2,1,14.5
Maize,M18,28.7,12.7,7.3,16,8.7,30.7,0,3,1,14.7
Maize,M18,29.58,12.78,7.5,16.8,9.3,9.4,4,2,1,14.78
Maize,M18,25.5,12.8,7.9,12.7,4.8,30,3,2,1,14.8
Maize,M18,25.1,13.2,5,11.9,6.9,12.8,0,2,1,15.2
Maize,M18,36.9,13.7,8.6,23.2,14.6,7.5,0,2,1,15.7
Maize,M18,30.2,14,7.2,16.2,9,12.8,0,3,1,16
Maize,M18,27.1,14.5,8.6,12.6,4,20,3,2,1,16.5
Maize,M18,34.9,14.5,6.2,20.4,14.2,12.5,0,2,1,16.5
Maize,M18,16.7,8.7,8,8,0,10,1,2,0,16.7
Maize,M18,28,15,7.6,13,5.4,8.9,2,3,1,17
Maize,M18,25.7,15.1,6,10.6,4.6,15,3,2,1,17.1
Maize,M18,26.9,15.2,7.4,11.7,4.3,34,0,2,1,17.2
Maize,M18,30.9,15.5,7.5,15.4,7.9,9,0,3,1,17.5
Maize,M18,38.9,15.5,5.7,23.4,17.7,7,4,2,1,17.5
Maize,M18,17.7,10,7.7,7.7,0,8.5,0,3,0,17.7
Maize,M18,25.8,18,6.7,7.8,1.1,11.2,0,2,1,20
Maize,M18,28,18,7,10,3,26.5,1,2,1,20
Maize,M18,35,18.2,7.1,16.8,9.7,21,0,2,1,20.2
Maize,M18,26.6,18.3,7.9,8.3,0.4,8.6,0,4,1,20.3
Maize,IH19,18.4,7,4.7,11.4,6.7,19.5,0,1,1,9
Maize,IH19,19,8.5,5.7,10.5,4.8,11.8,0,3,1,10.5
Maize,IH19,19.8,9,6,10.8,4.8,9,2,2,1,11
Maize,IH19,17.6,9,3,8.6,5.6,3,0,2,1,11
Maize,IH19,14.6,9.1,3.6,5.5,1.9,7.5,0,2,1,11.1
Maize,IH19,17.4,9.4,5.2,8,2.8,10.4,0,2,1,11.4
Maize,IH19,16.9,10.2,5.4,6.7,1.3,11.5,0,2,1,12.2
Maize,IH19,18.8,10.2,4.8,8.6,3.8,9,0,2,1,12.2
Maize,IH19,16.4,10.5,5.2,5.9,0.7,16,0,2,1,12.5
Maize,IH19,19.4,10.5,5.3,8.9,3.6,12.5,0,2,1,12.5
Maize,IH19,19.3,10.5,3.5,8.8,5.3,7.2,0,2,1,12.5
Maize,IH19,19,11.2,6.5,7.8,1.3,21,0,2,1,13.2
Maize,IH19,13.9,7.8,6.1,6.1,0,13.4,0,2,0,13.9
Maize,IH19,21.3,11.9,6.2,9.4,3.2,10,1,2,1,13.9
Maize,IH19,19.3,12.2,3.8,7.1,3.3,9,0,3,1,14.2
Maize,IH19,20.3,12.3,5.7,8,2.3,7.1,0,2,1,14.3
Maize,IH19,22.9,12.5,7.5,10.4,2.9,6,0,2,1,14.5
Maize,IH19,21.9,13.7,8,8.2,0.2,20.2,1,3,1,15.7
Maize,IH19,16,9.3,6.7,6.7,0,7.5,0,2,0,16
Maize,IH19,16.3,8,8.3,8.3,0,9,0,3,0,16.3
Maize,IH19,16.7,11.7,5,5,0,9.5,0,2,0,16.7
Maize,IH19,16.8,10.1,6.7,6.7,0,15.5,0,3,0,16.8
Maize,IH19,17.4,11,6.4,6.4,0,20.5,0,4,0,17.4
Maize,IH19,27.3,16.4,5.5,10.9,5.4,18.7,0,2,1,18.4
Maize,IH19,18.8,10,8.8,8.8,0,9.9,0,2,0,18.8
Maize,IH19,19,10.6,8.4,8.4,0,17.6,0,2,0,19
Maize,IH19,19.2,14.4,4.8,4.8,0,4.5,0,2,0,19.2
Maize,IH19,26.6,17.2,6.9,9.4,2.5,5.7,0,2,1,19.2
Maize,IH19,26.9,17.2,5.5,9.7,4.2,18,0,2,1,19.2
Maize,IH19,19.3,13.5,5.8,5.8,0,16,0,2,0,19.3
Maize,IH19,19.5,13.5,6,6,0,21,0,2,0,19.5
Maize,IH19,25.1,18,5.8,7.1,1.3,13,0,2,1,20
Maize,IH19,30.6,18.4,3.1,12.2,9.1,12,0,2,1,20.4
Maize,IH19,20.8,14.5,6.3,6.3,0,12,0,2,0,20.8
Maize,IH19,24.8,15.5,9.3,9.3,0,7.5,0,2,0,24.8
Maize,M19,14,7.2,5.7,6.8,1.1,18,0,2,1,9.2
Maize,M19,24.1,7.8,5.9,16.3,10.4,8.3,2,2,1,9.8
Maize,M19,22,8,7.1,14,6.9,13,4,4,1,10
Maize,M19,17.6,8.8,7.8,8.8,1,14,4,2,1,10.8
Maize,M19,18.8,8.9,6.9,9.9,3,24.2,2,2,1,10.9
Maize,M19,29.3,9.6,9.6,19.7,10.1,9.6,2,2,1,11.6
Maize,M19,20.9,9.8,8.7,11.1,2.4,14,3,3,1,11.8
Maize,M19,28.9,9.8,6.5,19.1,12.6,13.6,3,2,1,11.8
Maize,M19,18.9,10.2,6.5,8.7,2.2,11,0,2,1,12.2
Maize,M19,22.1,10.5,8.6,11.6,3,14.9,5,3,1,12.5
Maize,M19,29.6,10.7,6.6,18.9,12.3,41,4,3,1,12.7
Maize,M19,18.9,10.9,7.4,8,0.6,15.5,0,2,1,12.9
Maize,M19,25.8,11.5,8,14.3,6.3,23,4,4,1,13.5
Maize,M19,36.1,12.2,6.7,23.9,17.2,32.5,3,2,1,14.2
Maize,M19,21.7,12.7,6.7,9,2.3,17.4,1,2,1,14.7
Maize,M19,29,13,10.6,16,5.4,18,2,4,1,15
Maize,M19,32.2,13.5,8.5,18.7,10.2,23.5,1,2,1,15.5
Maize,M19,20.6,13.8,5.5,6.8,1.3,12,0,4,1,15.8
Maize,M19,26.8,13.8,9.4,13,3.6,21.7,4,4,1,15.8
Maize,M19,23.8,14,9.2,9.8,0.6,41,1,2,1,16
Maize,M19,30.7,14,8.1,16.7,8.6,10.4,4,2,1,16
Maize,M19,24.4,14.6,6.7,9.8,3.1,21,0,2,1,16.6
Maize,M19,29.9,14.9,6.3,15,8.7,9,4,3,1,16.9
Maize,M19,17,6.5,10.5,10.5,0,31,2,2,0,17
Maize,M19,29.2,15.4,5.8,13.8,8,37.2,3,4,1,17.4
Maize,M19,23.6,15.5,6.2,8.1,1.9,12.1,1,2,1,17.5
Maize,M19,44.5,16,8.9,28.5,19.6,22,4,2,1,18
Maize,M19,18.6,11,7.6,7.6,0,20,0,2,0,18.6
Maize,M19,39.6,17.1,6.3,22.5,16.2,21.2,4,2,1,19.1
Maize,M19,20,11.5,8.5,8.5,0,21.5,0,4,0,20
Maize,M19,21.3,11.7,9.6,9.6,0,39.5,4,2,0,21.3
Maize,M19,33,19.7,9.6,13.3,3.7,19,1,4,1,21.7
Maize,IH20,10.4,6.5,3.9,3.9,0,5,0,2,0,10.4
Maize,IH20,16.4,8.9,5.5,7.5,2,8.5,0,2,1,10.9
Maize,IH20,12.9,7.7,5.2,5.2,0,7,0,2,0,12.9
Maize,IH20,22.7,11.6,6.2,11.1,4.9,38,0,2,1,13.6
Maize,IH20,20,11.7,6.8,8.3,1.5,9.5,0,2,1,13.7
Maize,IH20,20.3,11.7,5.3,8.6,3.3,8.7,2,2,1,13.7
Maize,IH20,21.7,11.7,5.7,10,4.3,18.5,0,2,1,13.7
Maize,IH20,13.9,10.5,3.4,3.4,0,6.5,0,2,0,13.9
Maize,IH20,25.2,12.7,6.1,12.5,6.4,10.5,0,1,1,14.7
Maize,IH20,17.2,12.8,3.4,4.4,1,9,0,2,1,14.8
Maize,IH20,22.5,13.5,5.3,9,3.7,17.2,0,2,1,15.5
Maize,IH20,20,14,5.8,6,0.2,10.5,0,2,1,16
Maize,IH20,16.5,12.5,4,4,0,9.5,0,1,0,16.5
Maize,IH20,16.5,10.5,6,6,0,16.5,0,2,0,16.5
Maize,IH20,20.5,15,5.2,5.5,0.3,19.6,0,2,1,17
Maize,IH20,20.5,15,4.5,5.5,1,27.5,0,2,1,17
Maize,IH20,37.1,15,6.3,22.1,15.8,20,4,2,1,17
Maize,IH20,17.2,12.8,4.4,4.4,0,15,0,2,0,17.2
Maize,IH20,25.4,16.8,3.3,8.6,5.3,5,0,2,1,18.8
Maize,IH20,23.5,17,6.2,6.5,0.3,18.5,0,2,1,19
Maize,IH20,26.7,17.5,4.4,9.2,4.8,6,0,2,1,19.5
Maize,IH20,30.7,17.7,5.7,13,7.3,26,3,2,1,19.7
Maize,IH20,26.6,20,6.1,6.6,0.5,25,0,1,1,22
Maize,IH20,42.6,22.7,5.8,19.9,14.1,10.3,0,2,1,24.7
Maize,IH20,45.9,22.9,5.4,23,17.6,24,0,2,1,24.9
Maize,M20,14.3,4.5,5.5,9.8,4.3,16.5,0,0,1,6.5
Maize,M20,23.4,4.7,7,18.7,11.7,24,5,4,1,6.7
Maize,M20,15.7,6.2,8.3,9.5,1.2,15,5,2,1,8.2
Maize,M20,21.1,6.3,7.1,14.8,7.7,23.2,4,3,1,8.3
Maize,M20,14.8,6.5,7.7,8.3,0.6,5.7,3,2,1,8.5
Maize,M20,26,6.5,9.6,19.5,9.9,7,5,4,1,8.5
Maize,M20,25.7,6.8,6.7,18.9,12.2,21.7,2,2,1,8.8
Maize,M20,18,6.9,7,11.1,4.1,13,3,3,1,8.9
Maize,M20,20.1,7.1,7.8,13,5.2,32.5,2,4,1,9.1
Maize,M20,32.7,7.2,8.3,25.5,17.2,21.1,4,4,1,9.2
Maize,M20,28.9,7.3,7.1,21.6,14.5,27,4,7,1,9.3
Maize,M20,16.5,7.5,8.8,9,0.2,30,1,3,1,9.5
Maize,M20,24,7.5,7,16.5,9.5,30,3,3,1,9.5
Maize,M20,25.1,7.6,8.2,17.5,9.3,6.6,4,4,1,9.6
Maize,M20,27.2,7.7,8.9,19.5,10.6,20,4,3,1,9.7
Maize,M20,19.9,8.2,6.9,11.7,4.8,29.5,5,2,1,10.2
Maize,M20,26,8.8,7.3,17.2,9.9,19,2,2,1,10.8
Maize,M20,20.4,9.3,5.7,11.1,5.4,15.4,0,3,1,11.3
Maize,M20,20.8,9.8,6.1,11,4.9,28,0,2,1,11.8
Maize,M20,30.8,9.9,7.5,20.9,13.4,30,2,2,1,11.9
Maize,M20,28.4,10.2,8.1,18.2,10.1,12,4,2,1,12.2
Maize,M20,18.6,10.4,7,8.2,1.2,20.5,0,4,1,12.4
Maize,M20,21.6,10.4,7.1,11.2,4.1,14.1,0,4,1,12.4
Maize,M20,13.8,7.5,6.3,6.3,0,43.7,0,2,0,13.8
Maize,M20,30.6,12.3,7,18.3,11.3,17.8,2,2,1,14.3
Maize,M20,24.2,13,7.9,11.2,3.3,26,0,3,1,15
Maize,M20,15.2,7.7,7.5,7.5,0,30,0,3,0,15.2
Maize,M20,37.2,13.5,7.8,23.7,15.9,21.1,4,3,1,15.5
Maize,M20,16.4,8,8.4,8.4,0,13.1,0,3,0,16.4
Maize,M20,16.7,8,8.7,8.7,0,26,0,2,0,16.7
Maize,M20,18.6,12.3,6.3,6.3,0,28,0,2,0,18.6
Maize,M20,20.4,12,8.4,8.4,0,17.5,0,2,0,20.4
Maize,IH21,6.7,2.7,4,4,0,7.5,0,0,0,6.7
Maize,IH21,8,5.5,2.5,2.5,0,8.5,0,2,0,8
Maize,IH21,16.5,6,7.7,10.5,2.8,10.5,3,2,1,8
Maize,IH21,15,8.5,5.8,6.5,0.7,5,0,0,1,10.5
Maize,IH21,17.5,8.5,6.7,9,2.3,8.5,0,1,1,10.5
Maize,IH21,10.6,8,2.6,2.6,0,13.2,0,0,0,10.6
Maize,IH21,20.3,9,6.4,11.3,4.9,15,2,3,1,11
Maize,IH21,20.1,9.8,6.2,10.3,4.1,13.5,2,3,1,11.8
Maize,IH21,16.8,12.4,4.2,4.4,0.2,16.6,0,0,1,14.4
Maize,IH21,14.5,7.4,7.1,7.1,0,6.7,0,2,0,14.5
Maize,IH21,15.1,8.4,6.7,6.7,0,18.1,0,2,0,15.1
Maize,IH21,19,13.7,4.9,5.3,0.4,8.5,0,2,1,15.7
Maize,IH21,20.9,14.5,5.5,6.4,0.9,11,0,2,1,16.5
Maize,IH21,24.1,14.5,7.2,9.6,2.4,4.5,0,2,1,16.5
Maize,IH21,22.5,14.5,5.3,8,2.7,22,0,0,1,16.5
Maize,IH21,17,10.4,6.6,6.6,0,12.6,0,2,0,17
Maize,IH21,17.3,10,7.3,7.3,0,13,1,2,0,17.3
Maize,IH21,24.1,15.5,6.2,8.6,2.4,6.4,0,2,1,17.5
Maize,IH21,18.7,11.5,7.2,7.2,0,17.3,0,2,0,18.7
Maize,IH21,18.8,12.5,6.3,6.3,0,7.3,0,2,0,18.8
Maize,IH21,18.9,7.1,11.8,11.8,0,18.5,4,1,0,18.9
Maize,IH21,30.3,17.6,6.5,12.7,6.2,8.5,0,2,1,19.6
Maize,IH21,20.1,11.5,8.6,8.6,0,6.5,0,2,0,20.1
Maize,IH21,20.7,15.2,5.5,5.5,0,14,0,2,0,20.7
Maize,IH21,20.7,11.7,9,9,0,6.9,0,3,0,20.7
Maize,IH21,26.1,18.7,6.3,7.4,1.1,5,0,0,1,20.7
Maize,IH21,27.3,19,6.8,8.3,1.5,8.5,0,0,1,21
Maize,IH21,21.5,14,7.5,7.5,0,19.5,0,1,0,21.5
Maize,IH21,28.4,19.8,5,8.6,3.6,10.5,0,2,1,21.8
Maize,IH21,22.1,16.2,5.9,5.9,0,6,0,0,0,22.1
Maize,IH21,22.2,14.4,7.8,7.8,0,25,0,2,0,22.2
Maize,IH21,22.4,16,6.4,6.4,0,8.4,0,2,0,22.4
Maize,IH21,23.6,16,7.6,7.6,0,7.5,0,1,0,23.6
Maize,IH21,25.2,17.5,7.7,7.7,0,6.2,0,0,0,25.2
Maize,IH21,26.6,21,5.6,5.6,0,6.1,0,2,0,26.6
Maize,M21,8.8,1.5,3,7.3,4.3,7,0,4,1,3.5
Maize,M21,7.9,2,3.9,5.9,2,29,0,3,1,4
Maize,M21,6.3,2.9,2.7,3.4,0.7,19,0,4,1,4.9
Maize,M21,10.6,3,5.1,7.6,2.5,42.3,0,4,1,5
Maize,M21,13.8,3,4.6,10.8,6.2,24.3,0,2,1,5
Maize,M21,10.8,3.3,4.5,7.5,3,18.8,0,4,1,5.3
Maize,M21,5.5,1.4,4.1,4.1,0,22.5,0,2,0,5.5
Maize,M21,11.5,3.5,5.2,8,2.8,8.5,0,4,1,5.5
Maize,M21,11.1,4.5,5.4,6.6,1.2,33,0,4,1,6.5
Maize,M21,12.5,4.5,4.2,8,3.8,30,4,3,1,6.5
Maize,M21,17.3,4.5,5.5,12.8,7.3,12,0,4,1,6.5
Maize,M21,12.9,4.6,4.6,8.3,3.7,14,2,4,1,6.6
Maize,M21,21.6,4.7,4.7,16.9,12.2,17,2,4,1,6.7
Maize,M21,12.4,4.8,4.9,7.6,2.7,12,4,4,1,6.8
Maize,M21,17.7,5,6.1,12.7,6.6,28,1,4,1,7
Maize,M21,18,5.2,5.1,12.8,7.7,7,0,4,1,7.2
Maize,M21,24.4,5.7,4.6,18.7,14.1,22.5,2,6,1,7.7
Maize,M21,8.1,3,5.1,5.1,0,14.5,0,4,0,8.1
Maize,M21,13.6,6.5,4.3,7.1,2.8,12.5,0,4,1,8.5
Maize,M21,16.5,6.5,6.4,10,3.6,8,4,4,1,8.5
Maize,M21,17,7,5.2,10,4.8,26.5,0,4,1,9
Maize,M21,9.6,4.5,5.1,5.1,0,31,0,2,0,9.6
Maize,M21,9.7,4.7,5,5,0,36.5,0,2,0,9.7
Maize,M21,26.3,8,6,18.3,12.3,20,3,4,1,10
Maize,M21,33.4,8.4,6,25,19,11,4,2,1,10.4
Maize,M21,23.5,8.5,4.3,15,10.7,22,0,4,1,10.5
Maize,M21,31.8,8.8,5.4,23,17.6,10,3,4,1,10.8
Maize,M21,31,10.5,5.9,20.5,14.6,6.5,3,4,1,12.5
Maize,M21,32.1,11,5.2,21.1,15.9,9,4,4,1,13
Maize,M21,43.7,11.7,5.1,32,26.9,19,2,4,1,13.7
Maize,M21,20.5,11.8,4.7,8.7,4,18,0,3,1,13.8
Maize,M21,30.7,12,7.1,18.7,11.6,6.5,6,4,1,14
Maize,M21,14.5,4.3,10.2,10.2,0,23.5,0,0,0,14.5
Maize,M21,33.2,12.7,5.6,20.5,14.9,14,4,4,1,14.7
Maize,M21,29.4,13.5,5.4,15.9,10.5,10.5,2,3,1,15.5
Maize,M21,28.8,14,5.7,14.8,9.1,32,0,4,1,16
Maize,IH22,13.6,3.4,5.1,10.2,5.1,20.5,1,2,1,5.4
Maize,IH22,18.9,4.7,4.8,14.2,9.4,22.5,4,2,1,6.7
Maize,IH22,17.8,5.3,5.8,12.5,6.7,26.2,4,2,1,7.3
Maize,IH22,15.9,5.3,3,10.6,7.6,16,2,1,1,7.3
Maize,IH22,7.4,5.7,1.7,1.7,0,15,0,2,0,7.4
Maize,IH22,11.7,5.4,4.6,6.3,1.7,19.5,2,2,1,7.4
Maize,IH22,19.9,6.2,4.2,13.7,9.5,13,0,2,1,8.2
Maize,IH22,38,6.3,4.5,31.7,27.2,22.5,3,2,1,8.3
Maize,IH22,21.6,6.4,4.4,15.2,10.8,24,4,1,1,8.4
Maize,IH22,14.4,6.7,5.6,7.7,2.1,19,4,2,1,8.7
Maize,IH22,18.4,7.2,4.3,11.2,6.9,5.5,4,0,1,9.2
Maize,IH22,25.4,7.5,7.5,17.9,10.4,13,3,2,1,9.5
Maize,IH22,26.2,7.7,5.1,18.5,13.4,19.2,3,2,1,9.7
Maize,IH22,24.7,8.2,5.2,16.5,11.3,30,2,2,1,10.2
Maize,IH22,22.7,8.3,4,14.4,10.4,21,3,1,1,10.3
Maize,IH22,16.2,8.5,5,7.7,2.7,18.1,1,2,1,10.5
Maize,IH22,19,8.5,7,10.5,3.5,16.5,4,2,1,10.5
Maize,IH22,18.3,10,6.5,8.3,1.8,26.5,0,2,1,12
Maize,IH22,17,11,3.5,6,2.5,7.7,0,2,1,13
Maize,IH22,45.8,11,5.5,34.8,29.3,29,2,2,1,13
Maize,IH22,19,11.1,5.3,7.9,2.6,26.1,0,0,1,13.1
Maize,IH22,13.2,8.5,4.7,4.7,0,4.5,0,2,0,13.2
Maize,IH22,13.3,8,5.3,5.3,0,15.5,0,2,0,13.3
Maize,IH22,18.8,11.7,7,7.1,0.1,20,0,2,1,13.7
Maize,IH22,22.8,12.5,5.7,10.3,4.6,23,0,2,1,14.5
Maize,IH22,20.1,13,5.7,7.1,1.4,7.5,0,2,1,15
Maize,IH22,23.9,14,5.2,9.9,4.7,17.5,0,0,1,16
Maize,IH22,27.4,14.1,4.4,13.3,8.9,23,0,2,1,16.1
Maize,IH22,30,16,4.8,14,9.2,13.8,2,1,1,18
Maize,IH22,24.9,17,6.5,7.9,1.4,24,0,2,1,19
Maize,IH22,30.7,17,4.5,13.7,9.2,18,0,2,1,19
Maize,IH22,19.5,13.5,6,6,0,15.3,0,2,0,19.5
Maize,IH22,32.5,18,5.6,14.5,8.9,17,0,0,1,20
Maize,M22,22.4,10.5,5,11.9,6.9,22,0,2,1,12.5
Maize,M22,26,10.5,6.2,15.5,9.3,14,1,2,1,12.5
Maize,M22,21,11.5,3,9.5,6.5,19.1,0,2,1,13.5
Maize,M22,23,11.5,3.6,11.5,7.9,2.5,0,2,1,13.5
Maize,M22,23.2,13,3.7,10.2,6.5,10,0,2,1,15
Maize,M22,30.3,13.2,4.4,17.1,12.7,11,4,2,1,15.2
Maize,M22,20.5,13.3,4.6,7.2,2.6,22,0,0,1,15.3
Maize,M22,29.7,13.5,4.5,16.2,11.7,40.6,4,2,1,15.5
Maize,M22,30.4,13.7,4.8,16.7,11.9,28,1,2,1,15.7
Maize,M22,35,14,5.7,21,15.3,31.5,3,2,1,16
Maize,M22,35.1,14,4.1,21.1,17,27,2,2,1,16
Maize,M22,29.1,14.5,5.5,14.6,9.1,23.5,0,2,1,16.5
Maize,M22,35.3,15.5,3.4,19.8,16.4,28.8,0,2,1,17.5
Maize,M22,31.9,16.5,3.5,15.4,11.9,24,0,2,1,18.5
Maize,M22,34.6,16.5,5,18.1,13.1,26.7,3,2,1,18.5
Maize,M22,34.5,16.5,4.2,18,13.8,23.5,1,2,1,18.5
Maize,M22,24.9,16.7,2.5,8.2,5.7,30.1,0,2,1,18.7
Maize,M22,38.3,16.7,4.4,21.6,17.2,18,0,2,1,18.7
Maize,M22,29.9,17,3.7,12.9,9.2,14.2,0,2,1,19
Maize,M22,30.7,17.1,4.9,13.6,8.7,5.2,0,2,1,19.1
Maize,M22,42.3,17.2,4.4,25.1,20.7,30.5,0,2,1,19.2
Maize,IH23,21,4.5,5.1,16.5,11.4,4.5,0,3,1,6.5
Maize,IH23,18.5,4.8,5.1,13.7,8.6,8.6,5,2,1,6.8
Maize,IH23,10.6,5,4.4,5.6,1.2,10.5,0,2,1,7
Maize,IH23,18.6,5.3,4.3,13.3,9,13.7,0,4,1,7.3
Maize,IH23,7.4,4.1,3.3,3.3,0,11.5,0,3,0,7.4
Maize,IH23,18.3,5.8,6.9,12.5,5.6,5.6,4,2,1,7.8
Maize,IH23,23.2,6.5,4.7,16.7,12,12.3,0,2,1,8.5
Maize,IH23,9,6,3,3,0,8.5,0,2,0,9
Maize,IH23,9.6,6,3.6,3.6,0,31,0,2,0,9.6
Maize,IH23,17.9,7.9,5,10,5,10,1,1,1,9.9
Maize,IH23,21.8,8,5.1,13.8,8.7,16.5,4,2,1,10
Maize,IH23,10.2,5.7,4.5,4.5,0,13.5,0,2,0,10.2
Maize,IH23,15,8.7,5.7,6.3,0.6,5,0,2,1,10.7
Maize,IH23,14.3,9,4.2,5.3,1.1,8,0,2,1,11
Maize,IH23,17.5,9,6.3,8.5,2.2,11,2,4,1,11
Maize,IH23,11.5,7.2,4.3,4.3,0,22.5,0,2,0,11.5
Maize,IH23,11.8,7,4.8,4.8,0,9.5,0,2,0,11.8
Maize,IH23,12.1,7,5.1,5.1,0,25.1,0,2,0,12.1
Maize,IH23,19.6,10.2,7.5,9.4,1.9,6.5,0,2,1,12.2
Maize,IH23,12.4,7.2,5.2,5.2,0,7,0,2,0,12.4
Maize,IH23,13.5,9.5,4,4,0,13.5,0,1,0,13.5
Maize,IH23,19.4,11.5,5.3,7.9,2.6,17,0,2,1,13.5
Maize,IH23,20.5,11.5,5.6,9,3.4,13.2,0,2,1,13.5
Maize,IH23,24.3,11.6,4.3,12.7,8.4,6,1,2,1,13.6
Maize,IH23,13.7,9,4.7,4.7,0,8.3,0,2,0,13.7
Maize,IH23,14.5,8.5,6,6,0,4.5,0,2,0,14.5
Maize,IH23,22.1,12.5,4.2,9.6,5.4,6,0,2,1,14.5
Maize,IH23,14.7,8.4,6.3,6.3,0,6,2,2,0,14.7
Maize,IH23,20.8,13.2,6.9,7.6,0.7,4.5,0,2,1,15.2
Maize,IH23,15.4,9.7,5.7,5.7,0,24,0,2,0,15.4
Maize,IH23,29.9,14.7,6,15.2,9.2,17.5,0,2,1,16.7
Maize,IH23,18.9,10.5,8.4,8.4,0,23.7,0,2,0,18.9
Maize,IH23,20.2,13.2,7,7,0,12,0,2,0,20.2
Maize,IH23,36.3,20,4.7,16.3,11.6,8.5,0,2,1,22
Maize,M23,8.7,4.5,4.2,4.2,0,20,0,2,0,8.7
Maize,M23,12.7,7.5,4.7,5.2,0.5,20.5,0,2,1,9.5
Maize,M23,17,8.5,8,8.5,0.5,25.6,0,2,1,10.5
Maize,M23,16.8,10.5,5,6.3,1.3,33,0,2,1,12.5
Maize,M23,12.9,7.7,5.2,5.2,0,14.5,0,2,0,12.9
Maize,M23,28.4,10.9,7,17.5,10.5,18,0,2,1,12.9
Maize,M23,18.7,11,3.5,7.7,4.2,21.5,3,2,1,13
Maize,M23,27,11,4.5,16,11.5,17.6,0,2,1,13
Maize,M23,20.2,11.2,5.4,9,3.6,20.3,0,2,1,13.2
Maize,M23,20,12,3.2,8,4.8,17,1,2,1,14
Maize,M23,21.5,12.4,5,9.1,4.1,20,0,2,1,14.4
Maize,M23,14.5,9,5.5,5.5,0,20,0,2,0,14.5
Maize,M23,25.4,12.5,5.8,12.9,7.1,11,0,2,1,14.5
Maize,M23,20.5,12.7,6.4,7.8,1.4,27,0,2,1,14.7
Maize,M23,29.5,13,6.8,16.5,9.7,5.5,1,2,1,15
Maize,M23,19.9,13.5,4.7,6.4,1.7,6.1,0,2,1,15.5
Maize,M23,27.1,14.5,6.7,12.6,5.9,23,2,2,1,16.5
Maize,M23,34.4,15.7,5.3,18.7,13.4,30,0,2,1,17.7
Maize,M23,31.4,17,6,14.4,8.4,27,3,2,1,19
Maize,M23,35,17,5.7,18,12.3,20.5,2,2,1,19
Maize,M23,33.6,17.6,6.2,16,9.8,21,1,2,1,19.6
Maize,M23,20.6,13.5,7.1,7.1,0,5.8,0,2,0,20.6
Maize,M23,39.3,19.5,5.5,19.8,14.3,30,0,2,1,21.5
Maize,IH24,8.2,3.5,4.7,4.7,0,13.5,0,2,0,8.2
Maize,IH24,9.4,5.6,3.8,3.8,0,17.5,0,2,0,9.4
Maize,IH24,13.7,7.5,4.6,6.2,1.6,16,1,1,1,9.5
Maize,IH24,13.2,8,4.1,5.2,1.1,8,0,2,1,10
Maize,IH24,16.4,8,5.6,8.4,2.8,17,4,2,1,10
Maize,IH24,22.4,8.7,6.9,13.7,6.8,18,4,2,1,10.7
Maize,IH24,19.5,9.5,8.5,10,1.5,20.5,3,2,1,11.5
Maize,IH24,16.4,9.7,6,6.7,0.7,15,0,2,1,11.7
Maize,IH24,19.1,10.5,7.9,8.6,0.7,12,2,1,1,12.5
Maize,IH24,24,10.5,5,13.5,8.5,28.5,0,2,1,12.5
Maize,IH24,20.4,10.8,6.5,9.6,3.1,24,1,2,1,12.8
Maize,IH24,18.5,11,4.6,7.5,2.9,9.6,3,2,1,13
Maize,IH24,22.9,11.5,6.9,11.4,4.5,21.4,1,2,1,13.5
Maize,IH24,22.1,12.5,7.5,9.6,2.1,10.2,4,2,1,14.5
Maize,IH24,20.1,12.7,6.5,7.4,0.9,13,3,3,1,14.7
Maize,IH24,20.6,12.8,4.5,7.8,3.3,5.6,1,0,1,14.8
Maize,IH24,21.9,13.2,5.5,8.7,3.2,22,0,3,1,15.2
Maize,IH24,25.2,13.2,6.2,12,5.8,9,4,2,1,15.2
Maize,IH24,21.2,13.5,5.9,7.7,1.8,7.5,1,4,1,15.5
Maize,IH24,22.8,14.1,6.1,8.7,2.6,6.1,4,2,1,16.1
Maize,IH24,23.6,15,7.8,8.6,0.8,27.5,0,2,1,17
Maize,IH24,23.1,15,5.6,8.1,2.5,7.5,2,2,1,17
Maize,IH24,25.9,15.2,6.7,10.7,4,13.4,1,3,1,17.2
Maize,IH24,24.9,15.5,7.1,9.4,2.3,34.2,0,2,1,17.5
Maize,IH24,25.6,15.6,7.1,10,2.9,34,1,2,1,17.6
Maize,IH24,26.8,15.6,7.9,11.2,3.3,11,3,2,1,17.6
Maize,IH24,26.2,15.8,7.7,10.4,2.7,10,1,2,1,17.8
Maize,IH24,30.9,15.8,7.4,15.1,7.7,8.5,3,2,1,17.8
Maize,IH24,25.4,15.9,7.6,9.5,1.9,6.5,2,2,1,17.9
Maize,IH24,25.9,16.1,7.4,9.8,2.4,10.5,3,2,1,18.1
Maize,IH24,28.1,16.1,5.4,12,6.6,19,5,2,1,18.1
Maize,IH24,18.3,10.3,8,8,0,9.3,3,3,0,18.3
Maize,IH24,28.3,16.3,7.8,12,4.2,12,1,2,1,18.3
Maize,IH24,27.6,17,5.8,10.6,4.8,13,2,3,1,19
Maize,IH24,25.4,17.2,7.8,8.2,0.4,9,1,2,1,19.2
Maize,IH24,37.7,17.3,6.2,20.4,14.2,34,0,2,1,19.3
Maize,IH24,30.4,17.4,6.3,13,6.7,23,3,2,1,19.4
Maize,IH24,19.5,11,8.5,8.5,0,10.8,0,2,0,19.5
Maize,IH24,25.7,17.5,7.2,8.2,1,17,0,1,1,19.5
Maize,IH24,26.5,17.7,6.9,8.8,1.9,13,0,2,1,19.7
Maize,IH24,19.8,13.2,6.6,6.6,0,10.5,0,2,0,19.8
Maize,IH24,27.9,18.3,3.8,9.6,5.8,13.5,0,2,1,20.3
Maize,IH24,25.6,18.5,5.7,7.1,1.4,20,0,2,1,20.5
Maize,IH24,22.7,13.5,9.2,9.2,0,16.5,5,2,0,22.7
Maize,IH24,25.5,16.8,8.7,8.7,0,8,1,2,0,25.5
Maize,M24,9,4.5,4.5,4.5,0,11.5,0,2,0,9
Maize,M24,12.7,6.5,6.2,6.2,0,7,1,2,0,12.7
Maize,IH25,16.8,5.1,4.7,11.7,7,9,2,2,1,7.1
Maize,IH25,14.9,5.7,7.2,9.2,2,11.5,3,2,1,7.7
Maize,IH25,13.5,6.5,5.5,7,1.5,10.5,3,2,1,8.5
Maize,IH25,11.1,7,2,4.1,2.1,22.5,0,0,1,9
Maize,IH25,17.1,7,5.5,10.1,4.6,7.7,4,2,1,9
Maize,IH25,20.2,7.1,6.1,13.1,7,11.5,3,2,1,9.1
Maize,IH25,22,7.4,6.1,14.6,8.5,8,0,2,1,9.4
Maize,IH25,15.9,7.5,4.7,8.4,3.7,9.6,3,2,1,9.5
Maize,IH25,16.4,7.5,5.1,8.9,3.8,14,0,2,1,9.5
Maize,IH25,18.3,7.7,4,10.6,6.6,11.5,1,2,1,9.7
Maize,IH25,20.2,8.5,6.4,11.7,5.3,15.2,0,2,1,10.5
Maize,IH25,21.4,8.6,5.5,12.8,7.3,8.6,0,1,1,10.6
Maize,IH25,24.5,8.9,4.8,15.6,10.8,8,1,2,1,10.9
Maize,IH25,23.2,9.2,5.5,14,8.5,7.2,1,2,1,11.2
Maize,IH25,18.3,10.4,4.3,7.9,3.6,11.1,0,3,1,12.4
Maize,IH25,19.1,10.6,6.5,8.5,2,8,0,2,1,12.6
Maize,IH25,17.7,10.7,5.5,7,1.5,8.5,0,1,1,12.7
Maize,IH25,16,11,4.9,5,0.1,8,0,3,1,13
Maize,IH25,22.8,11,7,11.8,4.8,6.5,2,3,1,13
Maize,IH25,13.1,8,5.1,5.1,0,4,0,2,0,13.1
Maize,IH25,18.7,11.5,5.4,7.2,1.8,10,0,2,1,13.5
Maize,IH25,21.9,11.7,7,10.2,3.2,10.5,1,2,1,13.7
Maize,IH25,18.2,11.9,5.9,6.3,0.4,19.6,0,1,1,13.9
Maize,IH25,25.7,12,5.2,13.7,8.5,27.6,4,2,1,14
Maize,IH25,18.9,12.9,5.5,6,0.5,7,0,0,1,14.9
Maize,IH25,24.2,13.2,4.9,11,6.1,7.4,3,2,1,15.2
Maize,IH25,35.9,13.5,5.8,22.4,16.6,14.5,1,2,1,15.5
Maize,IH25,16.7,9.5,7.2,7.2,0,12,0,2,0,16.7
Maize,M25,12.7,6.2,2.2,6.5,4.3,7.5,0,2,1,8.2
Maize,M25,16.9,6.5,5.4,10.4,5,16.5,1,2,1,8.5
Maize,M25,17,7.5,3.9,9.5,5.6,7,4,2,1,9.5
Maize,M25,14.3,8,2.7,6.3,3.6,2.5,0,2,1,10
Maize,M25,18.9,8.2,5.7,10.7,5,4.3,4,2,1,10.2
Maize,M25,18.8,8.5,4.7,10.3,5.6,6.5,3,2,1,10.5
Maize,M25,15.1,9,2,6.1,4.1,16.5,0,2,1,11
Maize,M25,20.7,9,4.3,11.7,7.4,8.5,2,2,1,11
Maize,M25,21.4,9,4.7,12.4,7.7,3.5,4,2,1,11
Maize,M25,30.7,9.5,4.1,21.2,17.1,32.8,1,2,1,11.5
Maize,M25,22.6,10,5.3,12.6,7.3,20,2,2,1,12
Maize,M25,28,10,5.6,18,12.4,34,0,2,1,12
Maize,M25,38,10.1,5.5,27.9,22.4,37,4,2,1,12.1
Maize,M25,20.3,10.3,3.1,10,6.9,11,0,2,1,12.3
Maize,M25,20,10.5,2.6,9.5,6.9,22.5,4,2,1,12.5
Maize,M25,20.5,10.7,4,9.8,5.8,37.2,1,2,1,12.7
Maize,M25,33.2,10.7,5.7,22.5,16.8,4,4,2,1,12.7
Maize,M25,25.6,11,5.6,14.6,9,11.5,4,2,1,13
Maize,M25,31,11,5,20,15,3,2,2,1,13
Maize,M25,30.9,11.6,7,19.3,12.3,14.3,4,2,1,13.6
Maize,M25,23.1,12,5.8,11.1,5.3,18,4,1,1,14
Maize,M25,22.3,12,3.2,10.3,7.1,33,1,2,1,14
Maize,M25,37.6,12,4.7,25.6,20.9,33.8,0,2,1,14
Maize,M25,42,12,6.5,30,23.5,28.5,4,2,1,14
Maize,M25,31.6,12.2,4.3,19.4,15.1,12,3,2,1,14.2
Maize,M25,26.6,12.4,5.7,14.2,8.5,5.5,0,2,1,14.4
Maize,M25,29.8,12.5,5.5,17.3,11.8,3.5,1,2,1,14.5
Maize,M25,36.4,12.5,6.8,23.9,17.1,15.5,3,2,1,14.5
Maize,M25,42.5,12.5,5.5,30,24.5,27.5,3,2,1,14.5
Maize,M25,36.4,13,6.4,23.4,17,29,4,2,1,15
Maize,M25,30,13.2,6.1,16.8,10.7,32.5,0,2,1,15.2
Maize,M25,20.3,13.3,3.3,7,3.7,3,0,2,1,15.3
Maize,M25,24.2,13.3,5.2,10.9,5.7,1.1,0,2,1,15.3
Maize,M25,31,13.5,3.9,17.5,13.6,2.2,0,4,1,15.5
Maize,M25,32.8,13.7,5,19.1,14.1,22.5,2,2,1,15.7
Maize,M25,38.2,14,5.3,24.2,18.9,10,2,2,1,16
Maize,M25,44.7,14.2,5.5,30.5,25,19,4,2,1,16.2
Maize,M25,37.4,14.5,4.3,22.9,18.6,28.5,0,3,1,16.5
Maize,M25,45.2,15,6.1,30.2,24.1,17,0,0,1,17
Maize,M25,45.5,15,5.4,30.5,25.1,16.3,2,2,1,17
Maize,M25,29,15.3,4.3,13.7,9.4,1.6,0,0,1,17.3
Maize,M25,45,15.5,5.5,29.5,24,15,1,2,1,17.5
Maize,M25,33.9,16.5,6.2,17.4,11.2,32,0,2,1,18.5
Maize,M25,48.2,17,5.1,31.2,26.1,20,0,2,1,19
Maize,M25,36,17.4,5.4,18.6,13.2,24.5,0,2,1,19.4
Maize,IH26,11.6,3,7.4,8.6,1.2,8.2,0,2,1,5
Maize,IH26,10.6,3,5,7.6,2.6,10.5,0,2,1,5
Maize,IH26,11.3,3.3,6.3,8,1.7,13.5,0,2,1,5.3
Maize,IH26,11.6,4,6.2,7.6,1.4,9.2,3,2,1,6
Maize,IH26,14.4,4.1,7.2,10.3,3.1,7,0,1,1,6.1
Maize,IH26,14.7,4.5,7.8,10.2,2.4,10,2,2,1,6.5
Maize,IH26,17.7,4.5,6.7,13.2,6.5,27,0,3,1,6.5
Maize,IH26,15.4,5,7.4,10.4,3,12.7,2,2,1,7
Maize,IH26,17.3,6.3,6.1,11,4.9,11.2,0,2,1,8.3
Maize,IH26,17.9,6.4,7,11.5,4.5,13.7,0,2,1,8.4
Maize,IH26,18.7,6.5,7.5,12.2,4.7,16.5,0,2,1,8.5
Maize,IH26,20,7,6.7,13,6.3,11.5,0,2,1,9
Maize,IH26,16.8,7.2,5.3,9.6,4.3,8.1,0,2,1,9.2
Maize,IH26,16.5,7.4,7.5,9.1,1.6,7,2,2,1,9.4
Maize,IH26,11.6,7.5,2.3,4.1,1.8,12.8,0,2,1,9.5
Maize,IH26,9.6,3.8,5.8,5.8,0,6.5,0,2,0,9.6
Maize,IH26,19.8,8,6.1,11.8,5.7,7.8,0,3,1,10
Maize,IH26,24.5,8,6.5,16.5,10,9.4,3,2,1,10
Maize,IH26,19,8.2,7.6,10.8,3.2,10,3,2,1,10.2
Maize,IH26,21.2,8.2,5,13,8,11,1,2,1,10.2
Maize,IH26,16.9,8.5,7.1,8.4,1.3,14.5,0,2,1,10.5
Maize,IH26,16.2,8.5,5.5,7.7,2.2,7.5,0,1,1,10.5
Maize,IH26,20.1,8.6,7.4,11.5,4.1,13,3,2,1,10.6
Maize,IH26,10.7,4,6.7,6.7,0,18.5,0,2,0,10.7
Maize,IH26,20.6,9,5.9,11.6,5.7,10.6,0,2,1,11
Maize,IH26,23,9,6.5,14,7.5,8.5,1,2,1,11
Maize,IH26,22.8,9,6.2,13.8,7.6,37,2,2,1,11
Maize,IH26,17.5,9.2,6,8.3,2.3,6,1,1,1,11.2
Maize,IH26,11.6,6.3,5.3,5.3,0,10,0,2,0,11.6
Maize,IH26,11.7,5,6.7,6.7,0,13,1,2,0,11.7
Maize,IH26,19,10,6.8,9,2.2,14.5,0,2,1,12
Maize,IH26,21.6,10.5,7.3,11.1,3.8,11,0,2,1,12.5
Maize,IH26,20.4,12.2,7.3,8.2,0.9,14,0,2,1,14.2
Maize,IH26,25.5,13,5.4,12.5,7.1,13.7,0,2,1,15
Maize,IH26,15.9,7.8,8.1,8.1,0,8,1,2,0,15.9
Maize,IH26,25.7,14.2,6.5,11.5,5,21.5,0,2,1,16.2
Maize,IH26,16.9,6.7,10.2,10.2,0,10,0,2,0,16.9
Maize,IH26,22.9,15.8,5.9,7.1,1.2,6.5,0,2,1,17.8
Maize,M26,5.9,3.7,2.2,2.2,0,4,0,2,0,5.9
Maize,M26,17,4,7.5,13,5.5,18.5,0,2,1,6
Maize,M26,6.2,2.9,3.3,3.3,0,18.5,0,2,0,6.2
Maize,M26,16.2,5.5,5.3,10.7,5.4,32.5,0,2,1,7.5
Maize,M26,18.5,8,7.9,10.5,2.6,30,4,2,1,10
Maize,M26,16,8.5,6.5,7.5,1,16.2,0,2,1,10.5
Maize,M26,10.8,3.5,7.3,7.3,0,2,0,2,0,10.8
Maize,M26,19.8,9.5,5.7,10.3,4.6,27,0,2,1,11.5
Maize,M26,27.1,9.5,5.5,17.6,12.1,18,1,2,1,11.5
Maize,M26,11.9,5,6.9,6.9,0,26,0,2,0,11.9
Maize,M26,12.3,6,6.3,6.3,0,25.5,0,3,0,12.3
Maize,M26,31.8,11.8,5.5,20,14.5,32,4,2,1,13.8
Maize,M26,14,6.3,7.7,7.7,0,2.6,0,2,0,14
Maize,M26,23.7,12.2,5.5,11.5,6,9.5,0,2,1,14.2
Maize,M26,27.1,13,7.5,14.1,6.6,12,4,2,1,15
Maize,M27,15.3,3.5,5.5,11.8,6.3,23,2,2,1,5.5
Maize,M27,19,4.2,7.3,14.8,7.5,8,6,2,1,6.2
Maize,M27,17.1,4.4,7,12.7,5.7,8,1,2,1,6.4
Maize,M27,15.7,4.5,5,11.2,6.2,19.5,4,0,1,6.5
Maize,M27,15,4.6,5,10.4,5.4,12.5,4,2,1,6.6
Maize,M27,17.4,4.6,5.8,12.8,7,21,1,2,1,6.6
Maize,M27,14.9,5,5.8,9.9,4.1,29,1,2,1,7
Maize,M27,7.1,4.5,2.6,2.6,0,14,0,2,0,7.1
Maize,M27,18.2,5.8,5.8,12.4,6.6,23.6,3,2,1,7.8
Maize,M27,13.2,6.2,4.1,7,2.9,20.1,3,2,1,8.2
Maize,M27,23.7,6.2,5.2,17.5,12.3,18.5,3,2,1,8.2
Maize,M27,15.4,6.5,5.3,8.9,3.6,3,1,0,1,8.5
Maize,M27,19.4,6.5,6.5,12.9,6.4,6.8,4,2,1,8.5
Maize,M27,19.6,6.5,5,13.1,8.1,18,4,2,1,8.5
Maize,M27,24.5,6.5,5.3,18,12.7,8,5,2,1,8.5
Maize,M27,17.9,6.6,5,11.3,6.3,18.2,4,2,1,8.6
Maize,M27,21,6.6,5.7,14.4,8.7,20.7,2,2,1,8.6
Maize,M27,20.8,6.8,6,14,8,13,4,2,1,8.8
Maize,M27,20.6,7,6.3,13.6,7.3,25.5,4,2,1,9
Maize,M27,20.5,7.5,6.5,13,6.5,29.5,3,2,1,9.5
Maize,M27,21.9,7.5,6.7,14.4,7.7,22.5,4,2,1,9.5
Maize,M27,31.8,7.5,5.5,24.3,18.8,22.2,3,2,1,9.5
Maize,M27,18.6,7.7,3.5,10.9,7.4,19,3,0,1,9.7
Maize,M27,18.3,8,5.6,10.3,4.7,14,2,2,1,10
Maize,M27,29.9,8,7,21.9,14.9,21,4,2,1,10
Maize,M27,28.5,8.3,5.9,20.2,14.3,19.3,4,2,1,10.3
Maize,M27,27.2,8.5,5.6,18.7,13.1,25.5,3,2,1,10.5
Maize,M27,16.2,9,3.1,7.2,4.1,26,0,2,1,11
Maize,M27,29.4,10,5.2,19.4,14.2,3,4,2,1,12
Maize,M27,27.9,10.4,6.1,17.5,11.4,24,4,2,1,12.4
Maize,M27,42.8,11,6.6,31.8,25.2,35,4,2,1,13
Maize,M27,29.9,12,5.3,17.9,12.6,25.5,3,2,1,14
Maize,M27,33.9,12,6,21.9,15.9,26.5,3,0,1,14
Maize,M27,44.3,12.7,5.3,31.6,26.3,22.5,4,2,1,14.7
Maize,M27,38.5,13.5,5.6,25,19.4,24,4,2,1,15.5
Maize,M27,16.2,14,2.2,2.2,0,2.7,0,2,0,16.2
Maize,M28,13.6,2.1,6.1,11.5,5.4,5.2,3,2,1,4.1
Maize,M28,11.8,3.3,4,8.5,4.5,6,2,2,1,5.3
Maize,M28,9,3.5,3,5.5,2.5,5.5,2,2,1,5.5
Maize,M28,19.3,4.3,5.6,15,9.4,28.7,4,0,1,6.3
Maize,M28,15.1,4.6,4.5,10.5,6,20,5,2,1,6.6
Maize,M28,19.6,5,8,14.6,6.6,9.5,4,2,1,7
Maize,M28,15.6,5.5,4.8,10.1,5.3,8,0,2,1,7.5
Maize,M28,24.8,5.8,4.6,19,14.4,2.5,4,2,1,7.8
Maize,M28,33.3,6,5.7,27.3,21.6,29.5,4,2,1,8
Maize,M28,23.8,6.4,2.9,17.4,14.5,11,2,2,1,8.4
Maize,M28,17.2,6.5,4.5,10.7,6.2,34.4,4,3,1,8.5
Maize,M28,18.8,6.5,5.9,12.3,6.4,10.5,8,2,1,8.5
Maize,M28,24.7,6.5,5.2,18.2,13,24,4,2,1,8.5
Maize,M28,28.9,6.5,4.5,22.4,17.9,31,3,2,1,8.5
Maize,M28,29.4,7.2,5.4,22.2,16.8,6,5,4,1,9.2
Maize,M28,23.7,7.6,5.9,16.1,10.2,16.5,2,2,1,9.6
Maize,M28,33.6,7.8,4.3,25.8,21.5,23,3,2,1,9.8
Maize,M28,29.1,8,4.9,21.1,16.2,13,4,2,1,10
Maize,M28,29.2,8.3,4.3,20.9,16.6,10.5,4,2,1,10.3
Maize,M28,29,9,5,20,15,20,3,2,1,11
Maize,M28,16.6,9.2,4.2,7.4,3.2,8,0,2,1,11.2
Maize,M28,28.6,9.5,5.6,19.1,13.5,28.5,4,3,1,11.5
Maize,M28,29.9,9.5,4.2,20.4,16.2,5.5,4,2,1,11.5
Maize,M28,30.6,9.5,4.3,21.1,16.8,20.5,3,2,1,11.5
Maize,M28,27.5,10.5,4.6,17,12.4,8,3,2,1,12.5
Maize,M28,35.1,10.5,5,24.6,19.6,13.8,4,2,1,12.5
Maize,M28,34.7,10.5,3.5,24.2,20.7,19.2,3,3,1,12.5
Maize,M28,32.5,10.6,5.5,21.9,16.4,9,3,4,1,12.6
Maize,M28,40.5,10.8,4.2,29.7,25.5,15.5,3,2,1,12.8
Maize,M28,26.5,11,5,15.5,10.5,7,1,2,1,13
Maize,M28,41.1,11,3.9,30.1,26.2,22.3,4,2,1,13
Maize,M28,29.9,11.3,5.5,18.6,13.1,9.5,4,3,1,13.3
Maize,M28,26.1,11.4,5.4,14.7,9.3,13,0,2,1,13.4
Maize,M28,19.4,11.6,5.8,7.8,2,12.5,4,2,1,13.6
Maize,M28,33.2,11.8,4.7,21.4,16.7,9.7,3,2,1,13.8
Maize,M28,24.8,12,4.7,12.8,8.1,7.5,4,2,1,14
Maize,M28,42.1,12.2,6,29.9,23.9,11.5,3,2,1,14.2
Maize,M28,31.1,12.5,4.5,18.6,14.1,32.5,2,2,1,14.5
Maize,M28,41.4,13.5,3.9,27.9,24,6,3,2,1,15.5
Maize,M28,33.7,13.7,5.7,20,14.3,7.5,3,2,1,15.7
Maize,M28,34.9,14,3.6,20.9,17.3,6.5,3,2,1,16
Maize,M28,36.4,15.5,4.2,20.9,16.7,6,4,2,1,17.5
Maize,M29,21.6,6.5,7.2,15.1,7.9,13.5,1,2,1,8.5
Maize,M29,18.7,7.1,7.6,11.6,4,17.5,3,2,1,9.1
Maize,M29,16,7.2,7.8,8.8,1,32.8,2,2,1,9.2
Maize,M29,17,7.7,8.1,9.3,1.2,15.3,1,2,1,9.7
Maize,M29,12.5,8,4.3,4.5,0.2,17.6,0,2,1,10
Maize,M29,21,8.5,8.1,12.5,4.4,26,1,2,1,10.5
Maize,M29,19.7,8.6,7.5,11.1,3.6,10,1,2,1,10.6
Maize,M29,10.7,7.4,3.3,3.3,0,31.7,0,0,0,10.7
Maize,M29,17.6,9.5,7.3,8.1,0.8,8.5,2,2,1,11.5
Maize,M29,17.4,10.3,5.9,7.1,1.2,8,2,2,1,12.3
Maize,M29,19,10.5,8.4,8.5,0.1,17,2,2,1,12.5
Maize,M29,20.3,10.5,8.3,9.8,1.5,16,2,2,1,12.5
Maize,M29,22.8,11.3,9,11.5,2.5,23.5,2,2,1,13.3
Maize,M29,19.8,11.5,6.5,8.3,1.8,28.8,0,2,1,13.5
Maize,M29,22.5,12,8,10.5,2.5,26,0,2,1,14
Maize,M29,28.2,12.3,5.8,15.9,10.1,6.8,4,2,1,14.3
Maize,M29,14.4,7.5,6.9,6.9,0,14.5,0,2,0,14.4
Maize,M29,14.7,7,7.7,7.7,0,29.5,0,0,0,14.7
Maize,M29,15.8,8.7,7.1,7.1,0,32.3,0,2,0,15.8
Maize,M29,27.4,15.2,7,12.2,5.2,7,2,2,1,17.2
Maize,M29,17.3,9.5,7.8,7.8,0,30.5,2,0,0,17.3
Maize,M29,27.7,15.3,7.9,12.4,4.5,24.5,6,2,1,17.3
Maize,M29,28.9,15.5,8.2,13.4,5.2,15,4,0,1,17.5
Maize,M29,24.4,15.8,7.9,8.6,0.7,9.9,1,0,1,17.8
Maize,M29,27.2,17,7.2,10.2,3,11,1,2,1,19
Maize,M29,32.3,18,6.6,14.3,7.7,17.4,3,2,1,20
Maize,M29,23.5,14.9,8.6,8.6,0,21.3,2,2,0,23.5
Maize,M30,10.9,5.3,5.4,5.6,0.2,15,0,2,1,7.3
Maize,M30,17.5,7.8,6.5,9.7,3.2,8,1,2,1,9.8
Maize,M30,21.2,8,7.2,13.2,6,28,2,2,1,10
Maize,M30,26.4,10.9,8,15.5,7.5,19,2,2,1,12.9
Maize,M30,20.8,11.8,6,9,3,11,0,1,1,13.8
Maize,M30,24.7,12.1,7.6,12.6,5,7,2,2,1,14.1
Maize,M30,21.2,12.2,8.7,9,0.3,20,0,2,1,14.2
Maize,M30,29.7,12.2,8.7,17.5,8.8,12,2,2,1,14.2
Maize,M30,14.3,7.8,6.5,6.5,0,37.5,0,2,0,14.3
Maize,M30,22.7,12.7,7.9,10,2.1,38,3,2,1,14.7
Maize,M30,22.3,13.2,7,9.1,2.1,17,0,2,1,15.2
Maize,M30,15.5,9.7,5.8,5.8,0,14.5,0,2,0,15.5
Maize,M30,23.4,14.1,7.2,9.3,2.1,37.5,2,2,1,16.1
Maize,M30,17.6,12,5.6,5.6,0,13.5,0,2,0,17.6
Maize,M30,31.9,15.7,6.8,16.2,9.4,14.5,3,2,1,17.7
Maize,M30,28.8,15.8,9.1,13,3.9,11,3,2,1,17.8
Maize,M30,32.2,16.2,8.9,16,7.1,9.5,4,2,1,18.2
Maize,M30,18.7,12.5,6.2,6.2,0,25,0,2,0,18.7
Maize,M30,19.1,10.5,8.6,8.6,0,11.5,0,2,0,19.1
Maize,M30,35.6,17.5,6.3,18.1,11.8,37.2,0,2,1,19.5
Maize,M30,20.3,14.5,5.8,5.8,0,29.2,0,2,0,20.3
Maize,M30,36.6,18.5,8,18.1,10.1,14.5,2,2,1,20.5
Maize,M30,32.6,18.6,8.6,14,5.4,9.2,0,2,1,20.6
Maize,M30,20.7,13,7.7,7.7,0,9,0,2,0,20.7
Maize,M30,26.3,19.3,6.1,7,0.9,23.5,0,2,1,21.3
Maize,M30,30.7,19.4,10,11.3,1.3,9,4,2,1,21.4
Maize,M30,39.1,19.5,6.6,19.6,13,18.6,0,2,1,21.5
Maize,M31,13.6,6.6,5.4,7,1.6,13.2,0,2,1,8.6
Maize,M31,11.5,8,2.6,3.5,0.9,12.7,0,2,1,10
Maize,M31,20.4,8.7,9.1,11.7,2.6,30.2,3,2,1,10.7
Maize,M31,11.5,4.5,7,7,0,17.5,0,2,0,11.5
Maize,M31,22.2,9.5,7.9,12.7,4.8,20,4,2,1,11.5
Maize,M31,19.8,9.6,9.3,10.2,0.9,14,2,2,1,11.6
Maize,M31,21.9,9.6,7.2,12.3,5.1,35,4,2,1,11.6
Maize,M31,16.9,11.5,4.5,5.4,0.9,14,0,2,1,13.5
Maize,M31,14,10.5,3.5,3.5,0,28,0,2,0,14
Maize,M31,26.2,13.5,7.8,12.7,4.9,25.5,6,2,1,15.5
Maize,M31,16.9,9.5,7.4,7.4,0,18.6,0,2,0,16.9
Maize,M31,34.3,15.2,8.4,19.1,10.7,21,2,2,1,17.2
Maize,M31,24.5,15.3,7.9,9.2,1.3,17.9,2,2,1,17.3
Maize,M31,24.7,15.4,7.7,9.3,1.6,17.7,2,2,1,17.4
Maize,M31,17.5,12.5,5,5,0,9,0,2,0,17.5
Maize,M31,26.6,15.6,6.5,11,4.5,16.5,1,2,1,17.6
Maize,M31,17.9,9.1,8.8,8.8,0,15.1,0,2,0,17.9
Maize,M31,18,11,7,7,0,10.5,1,2,0,18
Maize,M31,18.6,10.3,8.3,8.3,0,25.5,0,2,0,18.6
Maize,M31,18.6,10,8.6,8.6,0,20,2,2,0,18.6
Maize,M31,19,15,4,4,0,4.5,0,2,0,19
Maize,M31,27.8,17.3,8.1,10.5,2.4,17.7,0,2,1,19.3
Maize,M31,32,18.9,9.5,13.1,3.6,16.8,0,2,1,20.9
Maize,M31,27.4,17.5,9.9,9.9,0,24.2,0,2,0,27.4
Maize,M32,17.1,7.1,8,10,2,10.2,5,2,1,9.1
Maize,M32,20,7.8,6.6,12.2,5.6,41.2,0,2,1,9.8
Maize,M32,22.2,8.2,6.9,14,7.1,25,0,2,1,10.2
Maize,M32,25.8,8.7,7.7,17.1,9.4,19.5,1,4,1,10.7
Maize,M32,18.2,10,7.1,8.2,1.1,16.5,2,2,1,12
Maize,M32,27,10.2,9.3,16.8,7.5,14,2,2,1,12.2
Maize,M32,30.7,10.3,9.5,20.4,10.9,13,2,2,1,12.3
Maize,M32,28.3,11,9.7,17.3,7.6,36.7,4,2,1,13
Maize,M32,25.1,12.5,7,12.6,5.6,11.5,0,2,1,14.5
Maize,M32,15.8,10.7,5.1,5.1,0,13,0,2,0,15.8
Maize,M32,26.8,14.3,10,12.5,2.5,22.1,1,2,1,16.3
Maize,M32,26,14.5,7,11.5,4.5,9,0,2,1,16.5
Maize,M32,16.6,8.5,8.1,8.1,0,17.5,0,2,0,16.6
Maize,M32,17.5,9.2,8.3,8.3,0,9,1,2,0,17.5
Maize,M32,17.5,9.1,8.4,8.4,0,16,0,2,0,17.5
Maize,M32,32.5,16.2,6,16.3,10.3,12,4,2,1,18.2
Maize,M32,30.7,18,8.1,12.7,4.6,11.5,0,2,1,20
Maize,M32,20.6,12.3,8.3,8.3,0,7.5,0,2,0,20.6
Maize,M32,30.6,19,7.5,11.6,4.1,15,0,2,1,21
Maize,M32,36.1,19,6.5,17.1,10.6,16,0,4,1,21
Maize,M32,32.2,20.5,9.3,11.7,2.4,9.5,0,2,1,22.5
Maize,M32,24,15.5,8.5,8.5,0,19,0,2,0,24
Maize,M32,31.5,23,8.3,8.5,0.2,13,0,2,1,25
Maize,M32,25.3,15.5,9.8,9.8,0,13.5,0,8,0,25.3
Maize,M33,16,6,5.6,10,4.4,10,2,2,1,8
Maize,M33,12.1,6.5,3.8,5.6,1.8,12.2,0,1,1,8.5
Maize,M33,22.5,10.2,7.1,12.3,5.2,4.5,2,2,1,12.2
Maize,M33,23.3,10.4,9.4,12.9,3.5,26.1,2,2,1,12.4
Maize,M33,21,10.5,6.4,10.5,4.1,14.6,2,2,1,12.5
Maize,M33,22.3,10.7,4.8,11.6,6.8,5.5,1,0,1,12.7
Maize,M33,25.7,10.7,5.7,15,9.3,5,3,2,1,12.7
Maize,M33,23.1,11,10.5,12.1,1.6,20,3,3,1,13
Maize,M33,18.6,11,5.4,7.6,2.2,10.3,2,2,1,13
Maize,M33,19.2,11,5,8.2,3.2,11.5,3,2,1,13
Maize,M33,18.6,11.4,6,7.2,1.2,11.2,0,2,1,13.4
Maize,M33,25.2,11.7,8,13.5,5.5,25.5,3,2,1,13.7
Maize,M33,19.5,11.8,6.4,7.7,1.3,4.4,1,2,1,13.8
Maize,M33,14.2,8.2,6,6,0,7,1,2,0,14.2
Maize,M33,19.4,13,5.4,6.4,1,6,1,2,1,15
Maize,M33,19.9,13,5.1,6.9,1.8,15.7,0,3,1,15
Maize,M33,23,13,6.4,10,3.6,7,1,2,1,15
Maize,M33,39.6,13.1,7.6,26.5,18.9,4,4,2,1,15.1
Maize,M33,26,13.7,6,12.3,6.3,5.7,4,3,1,15.7
Maize,M33,37.4,14.2,9.3,23.2,13.9,14.2,2,2,1,16.2
Maize,M33,16.4,11,5.4,5.4,0,7.5,0,1,0,16.4
Maize,M33,31.1,14.5,8.5,16.6,8.1,13,3,2,1,16.5
Maize,M33,16.6,13.3,3.3,3.3,0,9.5,0,2,0,16.6
Maize,M33,31,15,8,16,8,21,2,2,1,17
Maize,M33,28.2,15.7,6.1,12.5,6.4,8.3,3,2,1,17.7
Maize,M33,24.6,16,7.7,8.6,0.9,8.5,1,2,1,18
Maize,M33,36.7,16,7.7,20.7,13,21.2,2,2,1,18
Maize,M33,37.4,16.7,6.7,20.7,14,22.5,0,2,1,18.7
Maize,M33,40.7,17.6,6.6,23.1,16.5,25.5,0,2,1,19.6
Maize,M33,32.1,18,7.3,14.1,6.8,21,2,1,1,20
Maize,M33,29.1,18.2,8.6,10.9,2.3,19,0,3,1,20.2
Maize,M33,30.8,18.2,6.4,12.6,6.2,12,4,2,1,20.2
Maize,M33,31.7,18.2,5,13.5,8.5,4,1,2,1,20.2
Maize,M33,31.5,18.7,9.4,12.8,3.4,11,2,2,1,20.7
Maize,M33,37.3,19,7.2,18.3,11.1,16.5,3,2,1,21
Maize,M33,31.2,19.5,7.7,11.7,4,11,0,2,1,21.5
Maize,M33,39,19.5,7,19.5,12.5,17,0,2,1,21.5
Maize,M33,35.1,20.5,6.1,14.6,8.5,6,0,2,1,22.5
Maize,M33,23.5,14.3,9.2,9.2,0,21,1,2,0,23.5
Maize,M34,15.8,3.4,8.1,12.4,4.3,14,3,2,1,5.4
Maize,M34,12.5,3.5,4.4,9,4.6,10.2,2,1,1,5.5
Maize,M34,17.9,4,8.4,13.9,5.5,10.5,2,4,1,6
Maize,M34,9.5,4.5,4.6,5,0.4,16.5,0,2,1,6.5
Maize,M34,13.7,4.5,7.2,9.2,2,17,1,2,1,6.5
Maize,M34,11.6,4.9,5.2,6.7,1.5,24.5,1,2,1,6.9
Maize,M34,21.6,5.2,8.9,16.4,7.5,13.5,3,2,1,7.2
Maize,M34,11.2,5.3,5.7,5.9,0.2,14,2,3,1,7.3
Maize,M34,17.2,5.5,6.7,11.7,5,28,1,2,1,7.5
Maize,M34,23.4,5.7,6.5,17.7,11.2,13,4,2,1,7.7
Maize,M34,17.5,6,5.5,11.5,6,19.3,1,2,1,8
Maize,M34,8.3,3.3,5,5,0,9.4,3,2,0,8.3
Maize,M34,16.4,6.4,6.1,10,3.9,11.3,1,3,1,8.4
Maize,M34,15.6,6.5,7.3,9.1,1.8,13.5,2,2,1,8.5
Maize,M34,24.9,6.6,8.3,18.3,10,17.5,1,6,1,8.6
Maize,M34,21.8,6.8,7,15,8,13,2,2,1,8.8
Maize,M34,10.2,3.7,6.5,6.5,0,10,3,2,0,10.2
Maize,M34,24.4,8.2,9,16.2,7.2,19,5,2,1,10.2
Maize,M34,18.8,8.3,8.8,10.5,1.7,11,2,3,1,10.3
Maize,M34,28.2,9.1,9.5,19.1,9.6,11.5,3,2,1,11.1
Maize,M34,21.2,9.2,8.1,12,3.9,12.2,4,2,1,11.2
Maize,M34,21.8,9.2,7.2,12.6,5.4,9.7,4,4,1,11.2
Maize,M34,11.4,4.2,7.2,7.2,0,14.5,0,2,0,11.4
Maize,M34,12,4.5,7.5,7.5,0,9.5,2,3,0,12
Maize,M34,27,10,8.5,17,8.5,13,4,3,1,12
Maize,M34,24.4,10.2,8.1,14.2,6.1,13,2,2,1,12.2
Maize,M34,21.6,10.8,7.7,10.8,3.1,9.7,2,4,1,12.8
Maize,M34,18.3,11.1,5.9,7.2,1.3,15.5,1,2,1,13.1
Maize,M34,26.2,11.2,8.4,15,6.6,13,2,3,1,13.2
Maize,M34,25.9,11.3,9.2,14.6,5.4,16,3,2,1,13.3
Maize,M34,30.2,11.5,8.7,18.7,10,14.1,2,2,1,13.5
Maize,M34,14.3,6.6,7.7,7.7,0,12,2,2,0,14.3
Maize,M34,30.9,12.7,7,18.2,11.2,12.7,1,4,1,14.7
Maize,M34,28.5,12.8,7.1,15.7,8.6,12,2,2,1,14.8
Maize,M34,15.1,7.5,7.6,7.6,0,12,4,2,0,15.1
Maize,M34,15.2,7.2,8,8,0,27.5,5,4,0,15.2
Maize,M35,13,3.8,7.4,9.2,1.8,6,0,2,1,5.8
Maize,M35,7.2,1.6,5.6,5.6,0,33,0,2,0,7.2
Maize,M35,7.9,5.5,2.4,2.4,0,6.5,0,2,0,7.9
Maize,M35,13.9,6.5,6.4,7.4,1,8,0,2,1,8.5
Maize,M35,15,7,7.6,8,0.4,11.5,1,2,1,9
Maize,M35,19.2,7.8,7.4,11.4,4,14.4,2,2,1,9.8
Maize,M35,22.2,8,8.7,14.2,5.5,9,3,2,1,10
Maize,M35,23,8.3,9.8,14.7,4.9,12.5,1,2,1,10.3
Maize,M35,14.7,8.5,2.7,6.2,3.5,10.5,0,2,1,10.5
Maize,M35,21.2,9.5,8.1,11.7,3.6,7,0,2,1,11.5
Maize,M35,18.2,9.6,5.2,8.6,3.4,10.5,3,2,1,11.6
Maize,M35,11.9,6,5.9,5.9,0,6.5,0,2,0,11.9
Maize,M35,23.6,10,10.1,13.6,3.5,12,0,2,1,12
Maize,M35,12.6,7.8,4.8,4.8,0,12,0,2,0,12.6
Maize,M35,21.3,11,7.1,10.3,3.2,11,1,2,1,13
Maize,M35,25.2,11,7.1,14.2,7.1,12.1,0,2,1,13
Maize,M35,24.8,11.3,8.3,13.5,5.2,15,3,4,1,13.3
Maize,M35,25.7,12.2,8.2,13.5,5.3,14,2,2,1,14.2
Maize,M35,25,12.5,9.7,12.5,2.8,8.5,4,2,1,14.5
Maize,M35,19.2,13,6,6.2,0.2,11,0,2,1,15
Maize,M35,25,13,8.5,12,3.5,14.5,0,2,1,15
Maize,M35,24.7,13.3,8.8,11.4,2.6,17,0,2,1,15.3
Maize,M35,27.5,14,10,13.5,3.5,8,1,1,1,16
Maize,M35,30.3,14,10.2,16.3,6.1,21,1,2,1,16
Maize,M35,27.9,14.5,8,13.4,5.4,10.5,6,2,1,16.5
Maize,M35,26.8,14.7,9.2,12.1,2.9,13,2,2,1,16.7
Maize,M35,16.8,10.9,5.9,5.9,0,17,0,2,0,16.8
Maize,M35,23.8,14.8,8.3,9,0.7,8.5,0,2,1,16.8
Maize,M35,27,15,8.7,12,3.3,14.2,1,2,1,17
Maize,M35,32,15.5,7.6,16.5,8.9,13,0,2,1,17.5
Maize,M35,28.1,16.5,9.5,11.6,2.1,14.1,1,2,1,18.5
Maize,M35,34.6,17.2,8,17.4,9.4,13.7,3,2,1,19.2
Maize,M35,19.4,10.2,9.2,9.2,0,11.5,0,3,0,19.4
Maize,M35,36.6,18,9,18.6,9.6,19.6,0,2,1,20
Maize,M35,20.7,10.5,10.2,10.2,0,13.5,0,2,0,20.7
Maize,M35,21.2,10.8,10.4,10.4,0,8.5,1,3,0,21.2
Maize,M35,32.5,20,7.8,12.5,4.7,15,0,3,1,22
Maize,M35,25.5,16.8,8.7,8.7,0,21.2,2,2,0,25.5
Maize,M36,16.4,5.2,6.9,11.2,4.3,19,0,0,1,7.2
Maize,M36,14,7,4,7,3,27,0,2,1,9
Maize,M36,20.5,9,9.3,11.5,2.2,24,0,2,1,11
Maize,M36,15.7,9,4.1,6.7,2.6,7.4,0,2,1,11
Maize,M36,15,9,3.3,6,2.7,12.1,0,0,1,11
Maize,M36,29.2,9.2,8.7,20,11.3,12.2,1,2,1,11.2
Maize,M36,26,9.5,7.5,16.5,9,14.7,2,2,1,11.5
Maize,M36,26,10,6.9,16,9.1,18.5,3,2,1,12
Maize,M36,21.2,10.8,7.6,10.4,2.8,19,2,2,1,12.8
Maize,M36,19.5,11,6.1,8.5,2.4,10.2,0,1,1,13
Maize,M36,24.5,11.8,9.4,12.7,3.3,8.3,3,2,1,13.8
Maize,M36,24.3,12,8.2,12.3,4.1,12,1,2,1,14
Maize,M36,30.7,12.4,7,18.3,11.3,24.5,4,2,1,14.4
Maize,M36,19.5,12.5,6.7,7,0.3,16,3,2,1,14.5
Maize,M36,27.5,13.5,8.5,14,5.5,17,0,2,1,15.5
Maize,M36,16.7,9,7.7,7.7,0,26,2,2,0,16.7
Maize,M36,16.7,8.7,8,8,0,17.3,0,2,0,16.7
Maize,M36,28.6,15,7.8,13.6,5.8,13.5,0,2,1,17
Maize,M36,31,16.5,6.9,14.5,7.6,15.3,3,2,1,18.5
Maize,M36,19.2,10.7,8.5,8.5,0,15,0,3,0,19.2
Maize,M36,29,18,5,11,6,17,0,3,1,20
Maize,M36,33.1,18.3,4.3,14.8,10.5,8.5,0,2,1,20.3
Maize,M36,34,19.4,4.8,14.6,9.8,40.5,0,2,1,21.4
Maize,M36,30.7,19.5,7.3,11.2,3.9,37.2,0,2,1,21.5
Maize,M36,28,22.5,5.5,5.5,0,18.5,0,2,0,28
Maize,M37,3.1,2,1.1,1.1,0,8.2,0,4,0,3.1
Maize,M37,13.9,4.1,4.9,9.8,4.9,4.5,2,3,1,6.1
Maize,M37,14.6,4.5,6.1,10.1,4,32,0,2,1,6.5
Maize,M37,20.9,4.7,6.3,16.2,9.9,9,1,2,1,6.7
Maize,M37,21,5.5,9.6,15.5,5.9,23.2,3,2,1,7.5
Maize,M37,17.5,5.7,5.2,11.8,6.6,8,2,4,1,7.7
Maize,M37,16.6,6,6,10.6,4.6,8,1,2,1,8
Maize,M37,18.9,7.3,7.2,11.6,4.4,11,0,2,1,9.3
Maize,M37,9.4,3.6,5.8,5.8,0,28.5,0,0,0,9.4
Maize,M37,18.3,7.5,7,10.8,3.8,13.7,0,1,1,9.5
Maize,M37,9.6,4.2,5.4,5.4,0,6.5,0,2,0,9.6
Maize,M37,23.3,7.8,6.3,15.5,9.2,8,1,1,1,9.8
Maize,M37,17.8,8.7,5.4,9.1,3.7,26.6,1,4,1,10.7
Maize,M37,10.9,4.5,6.4,6.4,0,5.1,0,2,0,10.9
Maize,M37,11.3,4,7.3,7.3,0,22,0,3,0,11.3
Maize,M37,17,9.3,7.4,7.7,0.3,11,0,4,1,11.3
Maize,M37,24.3,9.3,6.9,15,8.1,37.5,0,2,1,11.3
Maize,M37,24.5,10.8,4.2,13.7,9.5,4.5,0,2,1,12.8
Maize,M37,21.7,11,7.9,10.7,2.8,24,0,2,1,13
Maize,M37,24.6,11,7.2,13.6,6.4,17,0,2,1,13
Maize,M37,24.6,11.1,9.2,13.5,4.3,10,0,2,1,13.1
Maize,M37,13.2,6.2,7,7,0,12,0,4,0,13.2
Maize,M37,28.1,11.5,7.2,16.6,9.4,10,0,4,1,13.5
Maize,M37,23.9,12.7,3.5,11.2,7.7,11.3,0,7,1,14.7
Maize,M37,15.2,9.2,6,6,0,18.2,0,2,0,15.2
Maize,M38,5.2,3,2.2,2.2,0,4,0,0,0,5.2
Maize,M38,18,6.7,6.9,11.3,4.4,1.5,4,2,1,8.7
Maize,M38,11,7.5,3.5,3.5,0,2,0,0,0,11
Maize,M38,12,7.7,4.3,4.3,0,1.7,0,0,0,12
Maize,M38,14.2,10,3.3,4.2,0.9,1.5,0,4,1,12
Maize,M38,25.1,12,5.7,13.1,7.4,11,3,2,1,14
Maize,M38,17.2,9.5,7.7,7.7,0,13,2,2,0,17.2
Maize,M38,20.5,14,6.5,6.5,0,1.5,0,2,0,20.5
Maize,M38,23.3,20.5,2.8,2.8,0,4,0,0,0,23.3
Maize,M39,4.3,3.2,1.1,1.1,0,13,0,2,0,4.3
Maize,M39,7.9,4.7,3.2,3.2,0,14.5,0,2,0,7.9
Maize,M39,21,10,8.7,11,2.3,10.5,0,2,1,12
Maize,M39,12.9,10.8,2.1,2.1,0,13.6,0,2,0,12.9
Maize,M39,13.1,11,2.1,2.1,0,3,0,2,0,13.1
Maize,M39,15.4,14,1.4,1.4,0,3.4,0,2,0,15.4
Maize,M39,20.5,13.5,6.1,7,0.9,12.5,1,2,1,15.5
Maize,M39,31.6,17.5,8.4,14.1,5.7,18,0,2,1,19.5
Maize,M39,28.9,18,5.2,10.9,5.7,3,0,2,1,20
Maize,M39,30,19,6.2,11,4.8,26.5,0,2,1,21
Maize,M39,34.8,19,5.9,15.8,9.9,6.3,0,2,1,21
Maize,M39,34.7,20,5.5,14.7,9.2,3.5,0,2,1,22
Maize,M39,22.2,12.5,9.7,9.7,0,7.8,0,2,0,22.2
Maize,M39,22.4,14.7,7.7,7.7,0,17,0,2,0,22.4
Maize,M39,31,21,6.6,10,3.4,12,0,2,1,23
Maize,M39,23.2,17.5,5.7,5.7,0,16,0,4,0,23.2
Maize,M39,31,22,8,9,1,9,0,2,1,24
Maize,M39,24.5,17,7.5,7.5,0,5.4,0,2,0,24.5
Maize,M39,27.8,22.8,4.2,5,0.8,18,0,2,1,24.8
Maize,M39,38.3,22.9,6.1,15.4,9.3,34,0,2,1,24.9
Maize,M39,36.7,23.5,5.9,13.2,7.3,17,0,2,1,25.5
Maize,M39,37.7,24,6.9,13.7,6.8,17.5,0,2,1,26
Maize,M39,27,19,8,8,0,11,0,2,0,27
Maize,M40,18,5,5.8,13,7.2,22,0,2,1,7
Maize,M40,21.2,7.5,6.9,13.7,6.8,8,0,3,1,9.5
Maize,M40,29.2,8.2,5.8,21,15.2,14,0,3,1,10.2
Maize,M40,10.5,7.5,3,3,0,11.7,0,4,0,10.5
Maize,M40,24.3,10.3,7.4,14,6.6,12,3,2,1,12.3
Maize,M40,18,10.5,5.5,7.5,2,24,0,5,1,12.5
Maize,M40,23.5,11,10,12.5,2.5,12,1,5,1,13
Maize,M40,20.9,11,6.4,9.9,3.5,11.5,0,3,1,13
Maize,M40,31.5,11,6.3,20.5,14.2,19.5,2,3,1,13
Maize,M40,22.5,11.5,7.5,11,3.5,15,3,4,1,13.5
Maize,M40,25.3,11.5,10.1,13.8,3.7,18.5,3,4,1,13.5
Maize,M40,18.4,11.7,1.3,6.7,5.4,30.8,0,3,1,13.7
Maize,M40,26.8,12,8.5,14.8,6.3,19.5,2,3,1,14
Maize,M40,20.4,12.6,5.5,7.8,2.3,6,0,0,1,14.6
Maize,M40,14.7,8,6.7,6.7,0,7,0,4,0,14.7
Maize,M40,24,13,6.7,11,4.3,6.7,0,3,1,15
Maize,M40,22.7,13.3,8.1,9.4,1.3,16.5,0,4,1,15.3
Maize,M40,24,13.5,9.3,10.5,1.2,11.5,3,4,1,15.5
Maize,M40,27.1,14,5.9,13.1,7.2,16.1,0,4,1,16
Maize,M40,39,14,5,25,20,7.2,1,3,1,16
Maize,M40,36.4,14.5,5.5,21.9,16.4,26,1,5,1,16.5
Maize,M40,25.5,14.7,7,10.8,3.8,9,4,2,1,16.7
Maize,M40,26.2,15,7,11.2,4.2,24,0,3,1,17
Maize,M40,28.2,15,7.5,13.2,5.7,9,2,4,1,17
Maize,M40,29.3,16,8.2,13.3,5.1,17.5,0,3,1,18
Maize,M40,42.8,16,5.4,26.8,21.4,30.5,1,3,1,18
Maize,M40,33.2,18.3,8.6,14.9,6.3,12,0,4,1,20.3
Maize,M40,29.5,18.5,7.6,11,3.4,23,0,4,1,20.5
Maize,M40,35.1,18.5,4.4,16.6,12.2,5,0,4,1,20.5
Maize,M40,36,19,6.7,17,10.3,26,0,4,1,21
Maize,M40,34.8,19.5,5.3,15.3,10,9,0,3,1,21.5
Maize,M40,22.3,17,5.3,5.3,0,15,0,4,0,22.3
Maize,M40,22.4,12.3,10.1,10.1,0,27,1,2,0,22.4
Maize,M40,34.2,22,6,12.2,6.2,19,0,4,1,24
Maize,M40,32.2,26,3.8,6.2,2.4,10,0,4,1,28
Maize,M41,3.4,2.5,0.9,0.9,0,18,0,2,0,3.4
Maize,M41,5.5,3,1.5,2.5,1,4.5,0,2,1,5
Maize,M41,15.9,6,5,9.9,4.9,13,0,2,1,8
Maize,M41,9.8,6.3,3,3.5,0.5,3.5,0,1,1,8.3
Maize,M41,20.5,6.5,9,14,5,3.2,2,2,1,8.5
Maize,M41,13.4,8.5,3.2,4.9,1.7,10.5,0,2,1,10.5
Maize,M41,16.7,8.5,4.8,8.2,3.4,3,0,2,1,10.5
Maize,M41,19.6,8.5,5.5,11.1,5.6,8.5,0,2,1,10.5
Maize,M41,11.1,6.1,5,5,0,2,0,2,0,11.1
Maize,M41,20.1,9.8,5.6,10.3,4.7,5,0,2,1,11.8
Maize,M41,17.4,10.5,6.1,6.9,0.8,24,0,2,1,12.5
Maize,M41,18.2,10.5,4.5,7.7,3.2,2,0,2,1,12.5
Maize,M41,13,6.5,6.5,6.5,0,5,1,2,0,13
Maize,M41,15.7,11,2.6,4.7,2.1,4.5,0,2,1,13
Maize,M41,19.8,11,6.3,8.8,2.5,5.6,0,2,1,13
Maize,M41,29,11,4.2,18,13.8,24,0,2,1,13
Maize,M41,17.4,11.5,3.8,5.9,2.1,5,0,2,1,13.5
Maize,M41,23.3,12.4,5.7,10.9,5.2,25.5,0,2,1,14.4
Maize,M41,19,12.5,5.1,6.5,1.4,6.3,2,2,1,14.5
Maize,M41,15.5,7.6,7.9,7.9,0,3.4,0,2,0,15.5
Maize,M41,20.2,13.5,5.2,6.7,1.5,9.5,0,2,1,15.5
Maize,M41,27,13.5,6.7,13.5,6.8,8,0,2,1,15.5
Maize,M41,16.1,8.7,7.4,7.4,0,5.6,0,2,0,16.1
Maize,M41,44,16,6.3,28,21.7,39.5,4,2,1,18
Maize,M41,29.6,16.2,4.6,13.4,8.8,7,0,2,1,18.2
Maize,M41,34.8,17,6,17.8,11.8,7.5,0,2,1,19
Maize,M41,29.7,17.5,7.6,12.2,4.6,2.5,0,2,1,19.5
Maize,M41,28,18,6,10,4,4,0,2,1,20
Maize,M41,29.5,19,3.6,10.5,6.9,17,0,2,1,21
Maize,M41,34.3,19.5,4.3,14.8,10.5,7.5,0,2,1,21.5
Maize,M41,27.9,20.5,5.3,7.4,2.1,6,0,2,1,22.5
Maize,M41,42.5,21.2,3.5,21.3,17.8,21,0,2,1,23.2
Maize,M42,12.2,8.3,3.4,3.9,0.5,13,0,2,1,10.3
Maize,M42,12.3,8.7,3.2,3.6,0.4,10,0,2,1,10.7
Maize,M42,11.1,5.5,5.6,5.6,0,15.5,0,2,0,11.1
Maize,M42,11.4,8.9,2.5,2.5,0,26,0,2,0,11.4
Maize,M42,26.5,10,6.9,16.5,9.6,6.2,3,3,1,12
Maize,M42,28.2,11.4,6.7,16.8,10.1,6.5,0,2,1,13.4
Maize,M42,17.4,11.5,4.8,5.9,1.1,14.5,0,3,1,13.5
Maize,M42,23.3,11.5,7,11.8,4.8,11.5,0,7,1,13.5
Maize,M42,13.8,8,5.8,5.8,0,5.4,0,4,0,13.8
Maize,M42,30.7,13,6,17.7,11.7,13.2,1,1,1,15
Maize,M42,16.2,10.2,6,6,0,17,0,2,0,16.2
Maize,M42,23.6,14.2,5.2,9.4,4.2,10,0,3,1,16.2
Maize,M42,28,14.4,6.8,13.6,6.8,18,3,2,1,16.4
Maize,M42,27,15,6,12,6,14,4,2,1,17
Maize,M42,17.3,9,8.3,8.3,0,9,0,2,0,17.3
Maize,M42,24.3,15.7,5.5,8.6,3.1,10.5,0,2,1,17.7
Maize,M42,20.5,14.5,6,6,0,17.5,0,2,0,20.5
Maize,M42,42.2,20.2,5,22,17,20.5,0,2,1,22.2
Maize,M42,22.3,13.3,9,9,0,10.7,1,3,0,22.3
Maize,M42,38.5,21,4.5,17.5,13,16,0,2,1,23
Maize,M42,39.5,24,5,15.5,10.5,6,0,2,1,26
Maize,M42,34.8,26.2,3.2,8.6,5.4,17.5,0,3,1,28.2
Maize,M43,20.7,6.7,5.3,14,8.7,2,0,3,1,8.7
Maize,M43,14.6,13.5,1.1,1.1,0,1.2,0,2,0,14.6
Maize,M43,19.8,13.5,2.6,6.3,3.7,17,0,2,1,15.5
Maize,M43,23,14.3,5.2,8.7,3.5,1.5,0,2,1,16.3
Maize,M43,22.4,15,5.3,7.4,2.1,4,0,2,1,17
Maize,M43,22.9,16.5,3.4,6.4,3,1.5,0,2,1,18.5
Maize,M43,26.3,16.5,2.4,9.8,7.4,21.5,0,2,1,18.5
Maize,M43,24,17,4.8,7,2.2,2,0,2,1,19
Maize,M43,31.2,17.5,5.4,13.7,8.3,12.2,0,2,1,19.5
Maize,M43,34.1,18,6.5,16.1,9.6,10.5,0,2,1,20
Maize,M43,23.3,18.2,2.4,5.1,2.7,2.3,0,2,1,20.2
Maize,M43,32.4,18.5,7.6,13.9,6.3,20,2,2,1,20.5
Maize,M43,21,18.5,2.5,2.5,0,14.5,0,0,0,21
Maize,M43,28.3,19,2.5,9.3,6.8,2.5,0,2,1,21
Maize,M43,34,19,5.8,15,9.2,8,0,0,1,21
Maize,M43,34.1,19,2.9,15.1,12.2,22,0,2,1,21
Maize,M43,42.9,19,4.5,23.9,19.4,10,0,2,1,21
Maize,M43,36.1,19.2,4.9,16.9,12,15,0,3,1,21.2
Maize,M43,36,19.5,4.8,16.5,11.7,8,0,2,1,21.5
Maize,M43,29.1,19.7,5.9,9.4,3.5,7.7,0,3,1,21.7
Maize,M43,25.7,20,5.2,5.7,0.5,20,0,2,1,22
Maize,M43,30.7,20,2.4,10.7,8.3,4.5,0,2,1,22
Maize,M43,38.6,20,5.4,18.6,13.2,7,0,2,1,22
Maize,M43,29.3,20.3,5.7,9,3.3,20.5,0,2,1,22.3
Maize,M43,37.6,20.3,4.8,17.3,12.5,4,0,4,1,22.3
Maize,M43,28.6,20.5,3,8.1,5.1,8.5,0,2,1,22.5
Maize,M43,23,20,3,3,0,1.5,0,4,0,23
Maize,M43,29.1,21.5,4.5,7.6,3.1,14.6,0,2,1,23.5
Maize,M43,36,21.5,4,14.5,10.5,5,0,2,1,23.5
Maize,M43,28.6,21.7,5.5,6.9,1.4,1.8,0,2,1,23.7
Maize,M43,31.8,22,3.6,9.8,6.2,17,0,2,1,24
Maize,M43,29,22.5,4.8,6.5,1.7,15.5,0,2,1,24.5
Maize,M43,26.7,20.3,6.4,6.4,0,10,0,2,0,26.7
Maize,M43,39.7,24.7,5,15,10,13.5,0,2,1,26.7
Maize,M43,44.4,28,3.7,16.4,12.7,11,0,2,1,30
Maize,M44,12.3,5.5,2.3,6.8,4.5,35.1,0,2,1,7.5
Maize,M44,17,9.5,5.8,7.5,1.7,13.5,0,2,1,11.5
Maize,M44,12.2,6.5,5.7,5.7,0,6,0,2,0,12.2
Maize,M44,17.1,11,5.6,6.1,0.5,16,0,2,1,13
Maize,M44,17.8,11.3,4.4,6.5,2.1,17,0,2,1,13.3
Maize,M44,24.7,12,4.4,12.7,8.3,24,0,2,1,14
Maize,M44,15.4,10.5,4.9,4.9,0,9,0,2,0,15.4
Maize,M44,26,13.8,5,12.2,7.2,13,0,2,1,15.8
Maize,M44,21,14.3,5.2,6.7,1.5,11.5,0,2,1,16.3
Maize,M44,16.7,14,2.7,2.7,0,7.5,0,2,0,16.7
Maize,M44,28,15,4.8,13,8.2,5.4,0,2,1,17
Maize,M44,36.9,15.5,4.7,21.4,16.7,11.5,4,2,1,17.5
Maize,M44,17.9,10,7.9,7.9,0,14,0,2,0,17.9
Maize,M44,18.5,10,8.5,8.5,0,21,0,2,0,18.5
Maize,M44,19.3,12.5,6.8,6.8,0,22,0,2,0,19.3
Maize,M44,19.5,17.3,2.2,2.2,0,15,0,2,0,19.5
Maize,M44,20.2,14,6.2,6.2,0,13,0,2,0,20.2
Maize,M44,30.6,19.7,5.6,10.9,5.3,7,0,2,1,21.7
Maize,M44,34.7,20,4.1,14.7,10.6,16,0,2,1,22
Maize,M45,8.1,3.5,3.6,4.6,1,7,0,2,1,5.5
Maize,M45,6.5,2.5,4,4,0,9.5,0,0,0,6.5
Maize,M45,13.3,5.5,5.2,7.8,2.6,10,0,0,1,7.5
Maize,M45,13.4,5.8,5.3,7.6,2.3,13.5,0,2,1,7.8
Maize,M45,8,5,3,3,0,14,0,2,0,8
Maize,M45,10.2,6,4,4.2,0.2,9,0,0,1,8
Maize,M45,20.9,6,7.9,14.9,7,20.5,4,0,1,8
Maize,M45,16.2,6.2,6,10,4,27,4,0,1,8.2
Maize,M45,14.7,7,4,7.7,3.7,13.5,0,2,1,9
Maize,M45,17.6,7.5,7.7,10.1,2.4,5.5,3,2,1,9.5
Maize,M45,22.1,7.8,6.9,14.3,7.4,5,3,2,1,9.8
Maize,M45,12.8,8.5,2.9,4.3,1.4,0.8,0,0,1,10.5
Maize,M45,20.1,9,5,11.1,6.1,5.6,1,2,1,11
Maize,M45,24.8,10,5.2,14.8,9.6,5,3,2,1,12
Maize,M45,27.9,10,7.5,17.9,10.4,5.8,0,2,1,12
Maize,M45,22.4,10.3,8,12.1,4.1,8.5,0,2,1,12.3
Maize,M45,26.6,11.3,4.5,15.3,10.8,7.5,0,2,1,13.3
Maize,M45,25.7,11.5,5.3,14.2,8.9,5,1,2,1,13.5
Maize,M45,31.3,11.5,5.8,19.8,14,19,2,2,1,13.5
Maize,M45,39.3,11.5,6.2,27.8,21.6,17,4,2,1,13.5
Maize,M45,23.7,12,5,11.7,6.7,13,0,2,1,14
Maize,M45,25.7,12,6.7,13.7,7,14.5,0,2,1,14
Maize,M45,26.2,13,7.2,13.2,6,13.7,0,2,1,15
Maize,M45,28.5,13.5,7.5,15,7.5,19.7,0,2,1,15.5
Maize,M45,40.6,13.5,6.7,27.1,20.4,10.5,4,2,1,15.5
Maize,M45,15.8,10,5.8,5.8,0,4.5,2,2,0,15.8
Maize,M45,27.2,14.5,5.9,12.7,6.8,3.5,0,2,1,16.5
Maize,M45,28.1,14.5,4.4,13.6,9.2,14.5,0,2,1,16.5
Maize,M45,39.9,14.6,7,25.3,18.3,11,2,2,1,16.6
Maize,M45,41.1,16,6.3,25.1,18.8,11,1,2,1,18
Maize,M45,34.3,17.3,6,17,11,7.5,0,2,1,19.3
Maize,M45,20.4,17.5,2.1,2.9,0.8,7,0,2,1,19.5
Maize,M45,28.4,17.5,6.1,10.9,4.8,11,0,2,1,19.5
Maize,M45,28.7,19.8,7,8.9,1.9,8,0,2,1,21.8
Maize,M46,7.1,2,2,5.1,3.1,8,0,2,1,4
Maize,M46,11,4,7,7,0,6,0,2,0,11
Maize,M46,17.7,10.5,3.4,7.2,3.8,3,0,2,1,12.5
Maize,M46,18.9,12,6.9,6.9,0,21,0,2,0,18.9
Maize,M46,25.5,18,3.1,7.5,4.4,10,0,2,1,20
Maize,M46,35.5,20.2,4,15.3,11.3,7.5,0,2,1,22.2
Maize,M47,6.1,1.5,3.5,4.6,1.1,13,0,2,1,3.5
Maize,M47,4.5,1.9,2,2.6,0.6,16,0,2,1,3.9
Maize,M47,4.4,2.2,2.2,2.2,0,1.5,0,2,0,4.4
Maize,M47,4.5,2.8,1.7,1.7,0,2.8,0,2,0,4.5
Maize,M47,9.5,2.5,3.7,7,3.3,9,0,2,1,4.5
Maize,M47,5.1,3.3,1.8,1.8,0,9.5,0,0,0,5.1
Maize,M47,9.1,3.5,5,5.6,0.6,3.6,1,2,1,5.5
Maize,M47,5.8,4.1,1.7,1.7,0,4.7,0,2,0,5.8
Maize,M47,11.4,4,7.1,7.4,0.3,2,0,2,1,6
Maize,M47,15.8,4,6.5,11.8,5.3,1.2,2,2,1,6
Maize,M47,6.1,3.6,2.5,2.5,0,1.5,0,2,0,6.1
Maize,M47,6.5,2,4.5,4.5,0,2.2,0,2,0,6.5
Maize,M47,8.7,4.5,4.1,4.2,0.1,1.5,0,0,1,6.5
Maize,M47,14.8,4.6,8,10.2,2.2,3,2,2,1,6.6
Maize,M47,17.1,5.1,7.6,12,4.4,5,0,2,1,7.1
Maize,M47,7.2,4,3.2,3.2,0,1.7,0,2,0,7.2
Maize,M47,14.9,5.5,7.7,9.4,1.7,1.5,0,2,1,7.5
Maize,M47,13,6,4.6,7,2.4,19,2,0,1,8
Maize,M47,11.5,6.2,3.2,5.3,2.1,4,0,2,1,8.2
Maize,M47,8.6,5.5,3.1,3.1,0,5.5,0,2,0,8.6
Maize,M47,23,6.7,8.9,16.3,7.4,6.7,4,2,1,8.7
Maize,M47,14.9,6.8,6.6,8.1,1.5,1,2,2,1,8.8
Maize,M47,23,7,6.8,16,9.2,11,7,2,1,9
Maize,M47,24.3,7.2,7.5,17.1,9.6,10.9,2,2,1,9.2
Maize,M47,9.5,6,3.5,3.5,0,2.5,0,2,0,9.5
Maize,M47,16.8,7.5,5,9.3,4.3,8,1,2,1,9.5
Maize,M47,19.7,7.5,5.6,12.2,6.6,9.5,5,2,1,9.5
Maize,M47,31,7.5,5.7,23.5,17.8,20,6,2,1,9.5
Maize,M47,10.4,6,4.4,4.4,0,2,0,2,0,10.4
Maize,M47,27.7,8.5,5.8,19.2,13.4,8.5,4,2,1,10.5
Maize,M47,26,9,7.8,17,9.2,7.5,5,2,1,11
Maize,M47,25.2,9.5,7,15.7,8.7,13.5,4,2,1,11.5
Maize,M47,15.2,9.7,4.9,5.5,0.6,2.5,0,2,1,11.7
Maize,M47,11.8,5,6.8,6.8,0,7,0,0,0,11.8
Maize,M47,16,10.5,5,5.5,0.5,2.5,0,2,1,12.5
Maize,M47,24.4,10.5,7.5,13.9,6.4,9,4,2,1,12.5
Maize,M47,15.5,8.5,7,7,0,4.3,0,2,0,15.5
Maize,M47,26.3,15,4.6,11.3,6.7,14.5,0,2,1,17
Maize,M48,21.2,6,7.5,15.2,7.7,11.2,4,4,1,8
Maize,M48,20.7,7.2,10.2,13.5,3.3,32.5,1,2,1,9.2
Maize,M48,9.7,7.1,2.6,2.6,0,10,0,4,0,9.7
Maize,M48,10.6,6.7,3.9,3.9,0,10,0,4,0,10.6
Maize,M48,26.1,8.6,9.5,17.5,8,15.5,4,3,1,10.6
Maize,M48,24.7,9.5,6.8,15.2,8.4,20.5,0,2,1,11.5
Maize,M48,30.5,9.5,8.7,21,12.3,11.5,3,2,1,11.5
Maize,M48,22.8,10.1,7.1,12.7,5.6,9.5,0,2,1,12.1
Maize,M48,39.7,10.2,9.8,29.5,19.7,12,4,4,1,12.2
Maize,M48,40.2,10.5,8.1,29.7,21.6,23,4,2,1,12.5
Maize,M48,27,12,11.4,15,3.6,12.5,2,4,1,14
Maize,M48,41.5,12.1,8.7,29.4,20.7,10,4,4,1,14.1
Maize,M48,26.4,12.4,8.9,14,5.1,6.7,0,2,1,14.4
Maize,M48,33.1,12.7,9,20.4,11.4,14,5,4,1,14.7
Maize,M48,24,13,6,11,5,34.1,0,4,1,15
Maize,M48,31.1,13,8.6,18.1,9.5,14.6,3,7,1,15
Maize,M48,37.1,13.1,8,24,16,13,3,2,1,15.1
Maize,M48,15.2,11.4,3.8,3.8,0,24.5,0,4,0,15.2
Maize,M48,29.5,13.5,5.8,16,10.2,18.3,0,2,1,15.5
Maize,M48,28.1,13.9,5.8,14.2,8.4,11.7,2,5,1,15.9
Maize,M48,42.3,14,7,28.3,21.3,10,4,4,1,16
Maize,M48,29.2,14.1,9.5,15.1,5.6,13.3,1,5,1,16.1
Maize,M48,29.8,14.1,9.3,15.7,6.4,15,1,2,1,16.1
Maize,M48,40.4,14.3,8.5,26.1,17.6,17,4,2,1,16.3
Maize,M48,28.9,14.4,8.2,14.5,6.3,17,2,4,1,16.4
Maize,M48,31.6,15,10,16.6,6.6,11.3,3,4,1,17
Maize,M48,30.6,15,8.2,15.6,7.4,17,4,4,1,17
Maize,M48,36.3,15,8.4,21.3,12.9,12.7,0,2,1,17
Maize,M48,17.2,9.6,7.6,7.6,0,19,1,2,0,17.2
Maize,M48,24.7,15.2,8.9,9.5,0.6,16,3,3,1,17.2
Maize,M48,27.4,15.9,7.5,11.5,4,11.1,3,4,1,17.9
Maize,M48,51.1,16.5,6.4,34.6,28.2,13.6,0,4,1,18.5
Maize,M48,19.1,13.5,5.6,5.6,0,20.5,0,3,0,19.1
Maize,M48,20.8,12.7,8.1,8.1,0,11,0,3,0,20.8
Maize,M48,43.5,19,7.2,24.5,17.3,12.7,0,2,1,21
Maize,M48,21.2,12.5,8.7,8.7,0,24,0,2,0,21.2
Maize,M48,22,13.6,8.4,8.4,0,17,0,4,0,22
Maize,M48,46.6,22.7,8.1,23.9,15.8,9.7,0,4,1,24.7
Maize,M49,16.9,6.3,5.3,10.6,5.3,25.5,0,3,1,8.3
Maize,M49,8.5,4.6,3.9,3.9,0,32.5,0,2,0,8.5
Maize,M49,15,7.5,6.2,7.5,1.3,5.1,0,2,1,9.5
Maize,M49,15.6,7.7,6.3,7.9,1.6,7,2,2,1,9.7
Maize,M49,22.7,8,6,14.7,8.7,11.5,2,2,1,10
Maize,M49,22.3,8.2,5.2,14.1,8.9,9,0,2,1,10.2
Maize,M49,10.5,4,6.5,6.5,0,11,0,2,0,10.5
Maize,M49,19,8.5,8.3,10.5,2.2,7.5,0,2,1,10.5
Maize,M49,11,8.7,2.3,2.3,0,12.3,0,2,0,11
Maize,M49,22.7,9.9,6.5,12.8,6.3,17,1,2,1,11.9
Maize,M49,12.5,5.5,7,7,0,42.5,0,1,0,12.5
Maize,M49,12.8,8.2,4.6,4.6,0,15,0,2,0,12.8
Maize,M49,19,11,6.5,8,1.5,10,0,2,1,13
Maize,M49,19,12,4.5,7,2.5,26,0,2,1,14
Maize,M49,29.5,12,6.3,17.5,11.2,18,1,2,1,14
Maize,M49,24.9,12.5,6.8,12.4,5.6,18,0,2,1,14.5
Maize,M49,36.4,13,8.8,23.4,14.6,30.1,3,2,1,15
Maize,M49,23.5,13.3,8,10.2,2.2,33.5,1,2,1,15.3
Maize,M49,18.9,13.6,4.9,5.3,0.4,21.6,0,2,1,15.6
Maize,M49,27.6,13.7,7.3,13.9,6.6,23.5,4,2,1,15.7
Maize,M49,29.7,14.2,8.1,15.5,7.4,33,4,2,1,16.2
Maize,M49,35.8,14.8,8.1,21,12.9,23.2,4,2,1,16.8
Maize,M49,30.9,15.5,7.8,15.4,7.6,19,3,2,1,17.5
Maize,M49,28.6,17,7,11.6,4.6,11.5,0,2,1,19
Maize,M49,35.5,17,8.8,18.5,9.7,23,2,2,1,19
Maize,M49,26.4,17.2,8.4,9.2,0.8,10,0,3,1,19.2
Maize,M49,20.8,12.6,8.2,8.2,0,25.5,0,3,0,20.8
Maize,M50,13.4,8.5,4.6,4.9,0.3,10.7,0,2,1,10.5
Maize,M50,28.4,10.4,6.4,18,11.6,7.8,1,2,1,12.4
Maize,M50,18.9,11,3,7.9,4.9,11.5,0,2,1,13
Maize,M50,22.1,11,4.2,11.1,6.9,8.2,0,2,1,13
Maize,M50,16.3,11.1,2.7,5.2,2.5,10,0,2,1,13.1
Maize,M50,31.1,12.6,7.6,18.5,10.9,15.5,0,4,1,14.6
Maize,M50,14.9,10.8,4.1,4.1,0,10,0,2,0,14.9
Maize,M50,21.3,13.5,6.3,7.8,1.5,12,0,2,1,15.5
Maize,M50,16.2,12.1,4.1,4.1,0,21.5,0,2,0,16.2
Maize,M50,25.2,15,6.9,10.2,3.3,15,1,2,1,17
Maize,M50,27.1,15,7.4,12.1,4.7,11,1,2,1,17
Maize,M50,17.5,12.1,5.4,5.4,0,12,0,3,0,17.5
Maize,M50,18.2,11.7,6.5,6.5,0,12.4,0,2,0,18.2
Maize,M50,19,12.6,6.4,6.4,0,15,0,2,0,19
Maize,M50,23.3,17.2,5.6,6.1,0.5,11,0,0,1,19.2
Maize,M50,19.6,14.5,5.1,5.1,0,12,0,2,0,19.6
Maize,M50,28.2,18.5,7.1,9.7,2.6,4.7,0,2,1,20.5
Maize,M50,30.9,18.5,4.2,12.4,8.2,8.5,0,2,1,20.5
Maize,M50,29,19.5,4.8,9.5,4.7,16.5,0,2,1,21.5
Maize,M50,21.6,15.3,6.3,6.3,0,8.5,0,1,0,21.6
Maize,M50,34.3,19.6,4.8,14.7,9.9,13,0,2,1,21.6
Maize,M50,22.1,17,5.1,5.1,0,25,0,2,0,22.1
Maize,M50,35.2,20.2,4,15,11,10.3,0,2,1,22.2
Maize,M50,34.7,20.6,7.1,14.1,7,11.2,0,2,1,22.6
Maize,M50,30.5,21.5,5.4,9,3.6,11.5,0,2,1,23.5
Maize,M50,33,21.7,6.1,11.3,5.2,6.7,0,0,1,23.7
Maize,M50,37.9,22.7,5.9,15.2,9.3,9.5,0,4,1,24.7
Maize,M50,24.9,19.9,5,5,0,10.5,0,2,0,24.9
Maize,M50,36.8,23,5.3,13.8,8.5,6.6,0,2,1,25
Maize,M50,29.4,23.1,2.2,6.3,4.1,3.6,0,2,1,25.1
Maize,M50,35.6,24.5,7.1,11.1,4,9.5,0,2,1,26.5
Maize,M50,43.1,31.5,5.6,11.6,6,12.2,0,2,1,33.5
Maize,M51,8.3,1.5,3,6.8,3.8,5.5,0,2,1,3.5
Maize,M51,15.7,4.5,4.9,11.2,6.3,9,0,2,1,6.5
Maize,M51,38.9,5.5,4.5,33.4,28.9,9,4,2,1,7.5
Maize,M51,17.4,6,3.2,11.4,8.2,15.1,2,2,1,8
Maize,M51,27.7,6,5.8,21.7,15.9,28,2,2,1,8
Maize,M51,11.6,6.2,3.1,5.4,2.3,2.6,0,2,1,8.2
Maize,M51,15.5,6.4,5,9.1,4.1,7,0,2,1,8.4
Maize,M51,25.4,6.4,7.2,19,11.8,5,0,2,1,8.4
Maize,M51,16.2,6.9,4.5,9.3,4.8,1.5,4,2,1,8.9
Maize,M51,31.6,7.3,4.8,24.3,19.5,16,2,2,1,9.3
Maize,M51,17.7,7.5,2,10.2,8.2,4.5,0,2,1,9.5
Maize,M51,18.2,8,5,10.2,5.2,19.5,3,2,1,10
Maize,M51,17.3,8,4,9.3,5.3,15,0,2,1,10
Maize,M51,28.7,8,4.2,20.7,16.5,4,3,2,1,10
Maize,M51,19,8.5,3.4,10.5,7.1,6,0,2,1,10.5
Maize,M51,20.8,8.6,3.6,12.2,8.6,16.8,0,2,1,10.6
Maize,M51,37.8,8.7,4.5,29.1,24.6,8.5,2,0,1,10.7
Maize,M51,38.3,8.8,4.5,29.5,25,17.5,0,4,1,10.8
Maize,M51,16.8,9.2,3.3,7.6,4.3,7,4,2,1,11.2
Maize,M51,34.7,9.2,3.7,25.5,21.8,8.5,2,2,1,11.2
Maize,M51,19,9.5,3,9.5,6.5,4.5,2,2,1,11.5
Maize,M51,20.2,9.5,3.4,10.7,7.3,2,3,0,1,11.5
Maize,M51,20.6,9.6,3.1,11,7.9,7,3,2,1,11.6
Maize,M51,24.1,9.6,4.4,14.5,10.1,5,3,0,1,11.6
Maize,M51,20.6,10,3,10.6,7.6,13.2,3,0,1,12
Maize,M51,27.7,10.1,3.7,17.6,13.9,18,4,2,1,12.1
Maize,M51,22.6,10.2,4,12.4,8.4,13.5,0,2,1,12.2
Maize,M51,22.7,10.5,3,12.2,9.2,4,4,2,1,12.5
Maize,M51,19,11,3.1,8,4.9,3.5,1,2,1,13
Maize,M51,30.5,11,4.6,19.5,14.9,5,1,2,1,13
Maize,M51,36.9,11.1,5,25.8,20.8,21,2,0,1,13.1
Maize,M51,32.2,11.5,4.5,20.7,16.2,3.5,1,2,1,13.5
Maize,M51,36.3,11.5,4.9,24.8,19.9,28.5,0,2,1,13.5
Maize,M51,35.6,11.7,4.8,23.9,19.1,18.5,1,2,1,13.7
Maize,M51,30.2,12,3.5,18.2,14.7,3.5,0,2,1,14
Maize,M51,39.7,12,4.7,27.7,23,5.5,2,2,1,14
Maize,M51,44.2,13,4.6,31.2,26.6,6.5,3,2,1,15
Maize,M51,41.2,18,4.8,23.2,18.4,6,0,2,1,20
Maize,M52,3.3,1,2.4,2.4,0,5.6,0,2,0,3.3
Maize,M52,5.6,3.5,2.1,2.1,0,5.6,0,3,0,5.6
Maize,M52,7.2,4.5,1.8,1.8,0,17.8,0,5,0,7.2
Maize,M52,10.5,5.2,3.7,5.4,1.7,14.2,0,3,1,7.2
Maize,M52,7.4,6.5,1,1,0,2.2,0,3,0,7.4
Maize,M52,8,5.8,2.2,2.2,0,2.5,0,3,0,8
Maize,M52,8.7,6.5,1.4,2.2,0.8,15.8,0,6,1,8.5
Maize,M52,12,6.6,5.1,5.4,0.3,9.5,0,5,1,8.6
Maize,M52,10.7,7,3.7,3.7,0,3.2,0,3,1,9
Maize,M52,9.2,3,6.2,5.9,0,10.1,0,3,0,9.2
Maize,M52,9.3,7.8,1.5,1.5,0,1.6,0,0,0,9.3
Maize,M52,10.5,7.7,2.6,1.1,0,18.5,0,4,0,10.5
Maize,M52,13.4,8.5,4.5,4.9,0.4,30.5,0,3,1,10.5
Maize,M52,10.7,7,3.7,2.5,0,3.7,0,5,0,10.7
Maize,M52,22.2,8.7,5.7,13.6,7.9,5.2,1,0,1,10.7
Maize,M52,11.6,9.5,2.3,2.3,0,5.5,0,2,0,11.6
Maize,M52,12.6,8.6,3.8,3.5,0,24.1,0,3,0,12.6
Maize,M52,12.6,7.4,5.5,3.6,0,7,0,5,0,12.6
Maize,M52,12.8,9.2,3.8,3.8,0,8,0,2,0,12.8
Maize,M52,22.4,11.1,7,11.3,4.3,2.8,0,3,1,13.1
Maize,M52,13.7,9.1,4.6,2.6,0,7.3,0,4,0,13.7
Maize,M52,27.4,12.4,5.2,15.3,10.1,3.5,0,2,1,14.4
Maize,M52,19.7,12.5,4.3,7.2,2.9,10.2,0,4,1,14.5
Maize,M52,15.6,12.6,2,3,1,2.1,0,0,1,14.6
Maize,M52,15,9,6,6,0,3,0,3,0,15
Maize,M52,15.1,13.2,1.9,1.5,0,2.5,0,0,0,15.1
Maize,M52,15.2,10.4,4.8,4.3,0,4.3,0,2,0,15.2
Maize,M52,23.4,13.4,6.7,9.4,2.7,19.8,0,2,1,15.4
Maize,M52,16,13,3,3,0,7.8,0,1,0,16
Maize,M52,16.3,10.5,6.2,5.3,0,17,0,2,0,16.3
Maize,M52,22.3,14.5,5.6,7.4,1.8,5.2,0,5,1,16.5
Maize,M52,16.6,14.5,2.1,2.1,0,5.2,0,1,0,16.6
Maize,M52,16.9,13.7,3.2,3.2,0,1,0,0,0,16.9
Maize,M52,24.5,15,6.6,9.6,3,7.1,0,4,1,17
Maize,M52,17.1,13.7,3.6,2.8,0,1.3,0,0,0,17.1
Maize,M52,17.3,10.2,6.4,6,0,4.5,1,4,0,17.3
Maize,M52,25.6,15.7,5.9,10,4.1,20,0,2,1,17.7
Maize,M52,23.5,15.8,6.6,7.4,0.8,6.7,0,5,1,17.8
Maize,M52,17.9,11,7,6.4,0,9.3,0,3,0,17.9
Maize,M52,18.3,15.2,2.8,1.7,0,14.6,0,2,0,18.3
Maize,M52,18.5,12,6.6,6.6,0,4,0,3,0,18.5
Maize,M52,24.2,16.7,5.7,7.9,2.2,20,0,4,1,18.7
Maize,M52,18.8,13.3,5.4,4,0,14.2,0,3,0,18.8
Maize,M52,19.3,18,1.3,1.3,0,2.3,0,0,0,19.3
Maize,M52,19.4,11.4,8.3,5.7,0,3.1,0,0,0,19.4
Maize,M52,19.5,15.8,3.7,3.7,0,4.8,0,4,0,19.5
Maize,M52,27.9,17.5,4.5,10.3,5.8,13.5,0,2,1,19.5
Maize,M52,25.3,17.8,2,7.5,5.5,9.4,0,5,1,19.8
Maize,M52,20,8.6,11.5,11.5,0,6.7,0,2,0,20
Maize,M52,20.2,13.4,7,7,0,3.1,0,4,0,20.2
Maize,M52,27.5,19,7,8.5,1.5,17,0,3,1,21
Maize,M52,29.5,19,7,10.5,3.5,15.7,0,3,1,21
Maize,M52,29.1,19,5.9,10.1,4.2,7.6,0,4,1,21
Maize,M52,30.3,19.9,5,10.4,5.4,8,0,3,1,21.9
Maize,M52,22,14.7,7.2,5,0,12.9,0,4,0,22
Maize,M52,30.5,20,6.6,10.5,3.9,7.2,0,2,1,22
Maize,M52,23.2,16,7.5,6.6,0,6.4,0,4,0,23.2
Maize,M52,23.6,15.3,8.2,6.1,0,2.6,0,0,0,23.6
Maize,M52,28.6,21.7,5.6,7,1.4,7.5,0,4,1,23.7
Maize,M52,23.9,17.9,6,6,0,15.4,0,2,0,23.9
Maize,M52,24.5,18,6.5,5,0,8,0,4,0,24.5
Maize,M52,30.3,22.5,6.1,7.9,1.8,6.8,0,5,1,24.5
Maize,M52,32.5,22.9,5.9,10.3,4.4,15.3,0,4,1,24.9
Maize,M52,25,20.5,4.5,4,0,3.7,0,3,0,25
Maize,M52,28.5,23,6.5,7,0.5,10.3,0,3,1,25
Maize,M52,33.1,23,6.6,10.6,4,10,0,3,1,25
Maize,M52,25.1,19.6,5.5,5.5,0,4.9,0,3,0,25.1
Maize,M52,25.1,21.1,4.1,2.2,0,10,0,3,0,25.1
Maize,M52,25.2,17.2,8,5.7,0,6.4,0,3,0,25.2
Maize,M52,25.9,19.6,6.5,5.6,0,6.7,0,0,0,25.9
Maize,M52,26.5,22.4,4.1,4.1,0,3.4,0,3,0,26.5
Maize,M52,27.2,23.4,4,2.9,0,1.2,0,0,0,27.2
Maize,M52,27.2,24,3.2,3.2,0,11,0,1,0,27.2
Maize,M52,27.5,21,6.5,4.5,0,6.1,0,1,0,27.5
Maize,M52,28.6,23.1,5.5,5.5,0,20.3,0,3,0,28.6
Maize,M52,30,22,8.1,8.1,0,22,0,3,0,30
Maize,M52,30,2.2,8,7,0,20.2,0,3,0,30
Maize,M52,32.3,23.4,9,7.4,0,16.3,0,3,0,32.3
Maize,M53,18.4,2.5,7.7,15.9,8.2,10.5,0,12,1,4.5
Maize,M53,23.1,3,8,20.1,12.1,24.5,6,8,1,5
Maize,M53,13.8,3.1,6.7,10.7,4,14.2,2,3,1,5.1
Maize,M53,13.7,3.2,8.1,10.5,2.4,6.5,1,3,1,5.2
Maize,M53,15.5,3.5,7,12,5,22.2,4,3,1,5.5
Maize,M53,17.7,3.7,6,14,8,23,5,3,1,5.7
Maize,M53,22.1,3.7,6.5,18.4,11.9,14.6,5,2,1,5.7
Maize,M53,12.4,3.8,4,8.6,4.6,7,0,4,1,5.8
Maize,M53,22.2,4,5.3,18.2,12.9,14.5,2,4,1,6
Maize,M53,20.9,4.5,7,16.4,9.4,15,4,4,1,6.5
Maize,M53,25.4,4.7,5.8,20.7,14.9,8.1,3,4,1,6.7
Maize,M53,20.7,5,6.5,15.7,9.2,22.5,4,4,1,7
Maize,M53,25.9,5,9,20.9,11.9,7,4,4,1,7
Maize,M53,23.4,5,5.1,18.4,13.3,17,4,4,1,7
Maize,M53,21.5,5.2,7.7,16.3,8.6,17,5,4,1,7.2
Maize,M53,17.7,5.5,7.3,12.2,4.9,10,4,4,1,7.5
Maize,M53,22.6,5.5,8.4,17.1,8.7,4,2,6,1,7.5
Maize,M53,14.5,5.6,7.5,8.9,1.4,27.5,0,4,1,7.6
Maize,M53,12.6,6.1,3.8,6.5,2.7,8.2,4,2,1,8.1
Maize,M53,19.8,6.3,7.3,13.5,6.2,3.6,4,4,1,8.3
Maize,M53,15.3,6.5,3.5,8.8,5.3,3.2,1,4,1,8.5
Maize,M53,18.1,6.5,6.2,11.6,5.4,15.5,4,4,1,8.5
Maize,M53,19.8,6.5,7.7,13.3,5.6,6.1,4,4,1,8.5
Maize,M53,20.6,6.5,7.7,14.1,6.4,19.5,3,6,1,8.5
Maize,M53,17.2,6.7,5.1,10.5,5.4,9.3,0,4,1,8.7
Maize,M53,22.8,7,6.5,15.8,9.3,14,4,5,1,9
Maize,M53,26.8,7,5.5,19.8,14.3,14.2,4,3,1,9
Maize,M53,28.5,7,6,21.5,15.5,8,2,4,1,9
Maize,M53,29.5,7.5,6.1,22,15.9,12,4,4,1,9.5
Maize,M53,29.3,7.6,6.5,21.7,15.2,15.2,4,2,1,9.6
Maize,M53,23.8,8,5.9,15.8,9.9,14,0,4,1,10
Maize,M53,34.1,8.7,8.1,25.4,17.3,8.5,4,5,1,10.7
Maize,M53,37.7,9.2,6.6,28.5,21.9,17,4,7,1,11.2
Maize,M53,22.1,10.5,6.1,11.6,5.5,12,2,4,1,12.5
Maize,M54,2,1,1,1,0,4,0,2,0,2
Maize,M54,20.5,9.7,7.7,10.8,3.1,6.2,2,2,1,11.7
Maize,M54,26.3,16,7.2,10.3,3.1,6,0,2,1,18
Maize,M54,22.8,18,2.2,4.8,2.6,2,0,2,1,20
Maize,M54,21.7,15.5,6.2,6.2,0,2.5,0,2,0,21.7
Maize,M55,21,15.5,5.2,5.5,0.3,16,0,2,1,17.5
Maize,M55,27,16,7,11,4,20.5,0,2,1,18
Maize,M55,24,16.5,5.8,7.5,1.7,8,0,2,1,18.5
Maize,M55,27.8,17.5,4.3,10.3,6,2.5,0,2,1,19.5
Maize,M55,21,15.2,5.8,5.8,0,5,0,2,0,21
Maize,M55,41,20,5.2,21,15.8,5,2,2,1,22
Maize,M55,30.1,22,5.3,8.1,2.8,2.5,0,2,1,24
Maize,M55,36.1,22.5,5.7,13.6,7.9,16,0,2,1,24.5
Maize,M55,38,22.5,4.5,15.5,11,5,0,2,1,24.5
Maize,M55,25.2,18.5,6.7,6.7,0,20,0,2,0,25.2
Maize,M55,28,21.5,6.5,6.5,0,8,0,2,0,28
Maize,M55,31.5,24,7.5,7.5,0,35,0,2,0,31.5
Maize,M55,37,28,9,9,0,8,0,2,0,37
